5551254f-03b3-4c61-832d-76f1f6887df4,b56c7097-a2d0-4cc1-ad71-f2bac6f1e4a9,KABUPATEN SIMEULUE,2.61667,96.08333,false  
c15e16bb-3856-4a66-a38b-38d979a0d11d,b56c7097-a2d0-4cc1-ad71-f2bac6f1e4a9,KABUPATEN ACEH SINGKIL,2.41667,97.91667,false  
4e2b6781-b401-405a-bd52-6ccd28d82653,b56c7097-a2d0-4cc1-ad71-f2bac6f1e4a9,KABUPATEN ACEH SELATAN,3.16667,97.41667,false  
bcdfd754-84df-470d-8a74-5cdeefe5d3d7,b56c7097-a2d0-4cc1-ad71-f2bac6f1e4a9,KABUPATEN ACEH TENGGARA,3.36667,97.7,false  
3a1ba053-2a09-4e61-95d7-d12bf41bb271,b56c7097-a2d0-4cc1-ad71-f2bac6f1e4a9,KABUPATEN ACEH TIMUR,4.63333,97.63333,false  
8804745c-71d5-4703-bfcb-7bb8d8ea04af,b56c7097-a2d0-4cc1-ad71-f2bac6f1e4a9,KABUPATEN ACEH TENGAH,4.51,96.855,false  
0318cb04-69ee-4167-b113-d2d0d6681e3a,b56c7097-a2d0-4cc1-ad71-f2bac6f1e4a9,KABUPATEN ACEH BARAT,4.45,96.16667,false  
b70f7451-1bfa-41f5-87e3-a1d1d6494e78,b56c7097-a2d0-4cc1-ad71-f2bac6f1e4a9,KABUPATEN ACEH BESAR,5.38333,95.51667,false  
24fb3f1b-d116-4e03-97e2-b5175cad05a9,b56c7097-a2d0-4cc1-ad71-f2bac6f1e4a9,KABUPATEN PIDIE,5.08,96.11,false  
7dd0a16f-0e89-45cd-919c-a546d70eca47,b56c7097-a2d0-4cc1-ad71-f2bac6f1e4a9,KABUPATEN BIREUEN,5.08333,96.58333,false  
2e029d47-133f-4630-b5ec-2b787a65f1dd,b56c7097-a2d0-4cc1-ad71-f2bac6f1e4a9,KABUPATEN ACEH UTARA,4.97,97.14,false  
c8359393-6bfb-40c4-baec-814f9837b879,b56c7097-a2d0-4cc1-ad71-f2bac6f1e4a9,KABUPATEN ACEH BARAT DAYA,3.83333,96.88333,false  
7cc0f5d6-5ff5-4e07-ad68-1fcc1971a268,b56c7097-a2d0-4cc1-ad71-f2bac6f1e4a9,KABUPATEN GAYO LUES,3.95,97.39,false  
1c7c1904-213a-4a22-83d0-fd579cc030c8,b56c7097-a2d0-4cc1-ad71-f2bac6f1e4a9,KABUPATEN ACEH TAMIANG,4.25,97.96667,false  
0ed64cfd-a31d-464c-a647-7077d4cae9c0,b56c7097-a2d0-4cc1-ad71-f2bac6f1e4a9,KABUPATEN NAGAN RAYA,4.16667,96.51667,false  
1419f318-fcdb-46de-9ff9-adedd8091f20,b56c7097-a2d0-4cc1-ad71-f2bac6f1e4a9,KABUPATEN ACEH JAYA,4.86,95.64,false  
e459066a-8bba-4404-9f15-874075a29dff,b56c7097-a2d0-4cc1-ad71-f2bac6f1e4a9,KABUPATEN BENER MERIAH,4.73015,96.86156,false  
d4652194-8298-48f3-9601-52623e884053,b56c7097-a2d0-4cc1-ad71-f2bac6f1e4a9,KABUPATEN PIDIE JAYA,5.15,96.21667,false  
ef82047a-f075-4cfc-a178-e5820f7f54d6,b56c7097-a2d0-4cc1-ad71-f2bac6f1e4a9,KOTA BANDA ACEH,5.54167,95.33333,false  
84ddaa76-0dc6-4ef2-bbba-ef2176a67ced,b56c7097-a2d0-4cc1-ad71-f2bac6f1e4a9,KOTA SABANG,5.82164,95.31086,false  
77515b90-069c-46e8-a4fb-ca33a3e42119,b56c7097-a2d0-4cc1-ad71-f2bac6f1e4a9,KOTA LANGSA,4.47,97.93,false  
50bc6d67-55b1-467d-beb6-fee55129b45b,b56c7097-a2d0-4cc1-ad71-f2bac6f1e4a9,KOTA LHOKSEUMAWE,5.13333,97.06667,false  
3ad6a6f7-b574-462e-825b-3944d7e31198,b56c7097-a2d0-4cc1-ad71-f2bac6f1e4a9,KOTA SUBULUSSALAM,2.75,97.93333,false  
a5710265-f90e-4519-914e-99c5a15f1a67,d28959e8-2c65-482e-b715-e3f8482aba4d,KABUPATEN NIAS,1.03333,97.76667,false  
5d59d821-c581-4157-9549-e7779303cea9,d28959e8-2c65-482e-b715-e3f8482aba4d,KABUPATEN MANDAILING NATAL,0.78378,99.25495,false  
a627b6f8-0eed-471f-98ba-3a763afe7b41,d28959e8-2c65-482e-b715-e3f8482aba4d,KABUPATEN TAPANULI SELATAN,1.51667,99.25,false  
bc0c4364-ad3f-4576-98b5-ba535c0b8b4e,d28959e8-2c65-482e-b715-e3f8482aba4d,KABUPATEN TAPANULI TENGAH,1.9,98.66667,false  
5ce19638-1fb6-4255-a56f-29fcaa3e738e,d28959e8-2c65-482e-b715-e3f8482aba4d,KABUPATEN TAPANULI UTARA,2.0028,99.0707,false  
ac2e72e1-38b3-44c8-bffa-8c2c4fb09b3d,d28959e8-2c65-482e-b715-e3f8482aba4d,KABUPATEN TOBA SAMOSIR,2.39793,99.21678,false  
4c56f509-cc0d-4fc0-a4b8-fcf47d1482e9,d28959e8-2c65-482e-b715-e3f8482aba4d,KABUPATEN LABUHAN BATU,2.26667,100.1,false  
c9178b44-2b0d-44dd-9d98-1a94608553bd,d28959e8-2c65-482e-b715-e3f8482aba4d,KABUPATEN ASAHAN,2.78333,99.55,false  
db159510-e033-4447-9f5f-778c15b72299,d28959e8-2c65-482e-b715-e3f8482aba4d,KABUPATEN SIMALUNGUN,2.9,99,false  
b9686c38-f331-4ddf-9373-37ade115355c,d28959e8-2c65-482e-b715-e3f8482aba4d,KABUPATEN DAIRI,2.86667,98.23333,false  
8c97e99c-f2c2-4cd9-9747-a99b59da8275,d28959e8-2c65-482e-b715-e3f8482aba4d,KABUPATEN KARO,3.11667,98.3,false  
7c8cdb7a-48aa-42d2-86ed-7f6559862a98,d28959e8-2c65-482e-b715-e3f8482aba4d,KABUPATEN DELI SERDANG,3.41667,98.66667,false  
e3c8b8df-9940-4ae9-a3d4-b2cf99ac2ec3,d28959e8-2c65-482e-b715-e3f8482aba4d,KABUPATEN LANGKAT,3.71667,98.21667,false  
93540773-ddaf-4f1e-8b2c-601e7c81093c,d28959e8-2c65-482e-b715-e3f8482aba4d,KABUPATEN NIAS SELATAN,0.77,97.75,false  
98360816-19ae-4d5e-b3fc-6f99ef115d3d,d28959e8-2c65-482e-b715-e3f8482aba4d,KABUPATEN HUMBANG HASUNDUTAN,2.26551,98.50376,false  
eeab814e-bd31-494f-90cb-e9477813b6c0,d28959e8-2c65-482e-b715-e3f8482aba4d,KABUPATEN PAKPAK BHARAT,2.56667,98.28333,false  
14585318-75de-40c1-bb00-d00d54c545f9,d28959e8-2c65-482e-b715-e3f8482aba4d,KABUPATEN SAMOSIR,2.64025,98.71525,false  
8f9e0683-d3c2-4b26-b406-73149fef27e5,d28959e8-2c65-482e-b715-e3f8482aba4d,KABUPATEN SERDANG BEDAGAI,3.36667,99.03333,false  
c9fdd705-5b9a-41bd-bf16-f2503d6a5c93,d28959e8-2c65-482e-b715-e3f8482aba4d,KABUPATEN BATU BARA,3.16166,99.52652,false  
0f9670df-482d-40fb-95bd-63c95e84f928,d28959e8-2c65-482e-b715-e3f8482aba4d,KABUPATEN PADANG LAWAS UTARA,1.46011,99.67346,false  
fe406521-dd45-42cc-bde2-f60759f13e4f,d28959e8-2c65-482e-b715-e3f8482aba4d,KABUPATEN PADANG LAWAS,1.44684,99.99207,false  
f2ed63ea-70af-48f2-9a22-66701f0dcb1d,d28959e8-2c65-482e-b715-e3f8482aba4d,KABUPATEN LABUHAN BATU SELATAN,1.983,100.0976,false  
0650298f-743c-428a-94cc-916dad79b373,d28959e8-2c65-482e-b715-e3f8482aba4d,KABUPATEN LABUHAN BATU UTARA,2.33349,99.63776,false  
6c7f578f-d3aa-4db1-8150-89d4f28713df,d28959e8-2c65-482e-b715-e3f8482aba4d,KABUPATEN NIAS UTARA,1.33037,97.31964,false  
4cacd3eb-08b0-4072-91c1-8e9c64ffdf4c,d28959e8-2c65-482e-b715-e3f8482aba4d,KABUPATEN NIAS BARAT,1.05966,97.58606,false  
c3be917c-ac89-4208-8fc0-bb0edbe6e196,d28959e8-2c65-482e-b715-e3f8482aba4d,KOTA SIBOLGA,1.73333,98.8,false  
62eec717-6fd0-4bcf-af15-10d9b38dec42,d28959e8-2c65-482e-b715-e3f8482aba4d,KOTA TANJUNG BALAI,2.95833,99.79167,false  
6bbee6b4-775f-42a7-b5c5-a5f037363e9d,d28959e8-2c65-482e-b715-e3f8482aba4d,KOTA PEMATANG SIANTAR,2.96667,99.05,false  
0d836724-62aa-47cb-b0c2-9fcdbf9f3682,d28959e8-2c65-482e-b715-e3f8482aba4d,KOTA TEBING TINGGI,3.325,99.14167,false  
1800b115-d5e9-4784-9076-2f4871b8101e,d28959e8-2c65-482e-b715-e3f8482aba4d,KOTA MEDAN,3.65,98.66667,false  
de803451-176e-4a3c-9193-bd6ec0fb3290,d28959e8-2c65-482e-b715-e3f8482aba4d,KOTA BINJAI,3.8,108.23333,false  
323a2369-2ae3-4dfd-93c5-82637c6ee5bd,d28959e8-2c65-482e-b715-e3f8482aba4d,KOTA PADANG SIDEMPUAN,1.37375,99.26843,false  
14d64925-5570-470f-ac59-86749ac350ea,d28959e8-2c65-482e-b715-e3f8482aba4d,KOTA GUNUNGSITOLI,1.32731,97.55018,false  
01a86704-e4e7-4b7c-8ff2-7690e3e8bdb2,9cad8e99-bd90-44a5-a861-1d823f298286,KABUPATEN KEPULAUAN MENTAWAI,1.98917,99.51889,false  
a0cac3c0-3934-4c98-87b0-5ab24c565a04,9cad8e99-bd90-44a5-a861-1d823f298286,KABUPATEN PESISIR SELATAN,-1.58333,100.85,false  
c5b0f8a1-c2e6-4f3a-8aa3-c7a71341caa1,9cad8e99-bd90-44a5-a861-1d823f298286,KABUPATEN SOLOK,-0.96667,100.81667,false  
905103ed-6da2-4555-b057-890655438970,9cad8e99-bd90-44a5-a861-1d823f298286,KABUPATEN SIJUNJUNG,-1.1827,101.6056,false  
f5230070-797a-43ab-be63-735f8a51c891,9cad8e99-bd90-44a5-a861-1d823f298286,KABUPATEN TANAH DATAR,-0.4555,100.5771,false  
b2d26875-f420-4420-9157-9ed69515fe09,9cad8e99-bd90-44a5-a861-1d823f298286,KABUPATEN PADANG PARIAMAN,-0.6,100.28333,false  
7aeae973-2cd0-4f47-b2e2-62353c33c2b3,9cad8e99-bd90-44a5-a861-1d823f298286,KABUPATEN AGAM,-0.25,100.16667,false  
a85f2fe6-da4f-4777-bc07-1c34b5e87af0,9cad8e99-bd90-44a5-a861-1d823f298286,KABUPATEN LIMA PULUH KOTA,-0.0168,100.5872,false  
2b36502e-5afa-4f3e-bffa-9fde226a4834,9cad8e99-bd90-44a5-a861-1d823f298286,KABUPATEN PASAMAN,0.42503,99.94606,false  
0c5a5bcc-65e6-4084-924d-c1b929f372b7,9cad8e99-bd90-44a5-a861-1d823f298286,KABUPATEN SOLOK SELATAN,-1.23333,101.417,false  
ebc371b6-2c3b-4943-a79f-b8a7ee6e61c0,9cad8e99-bd90-44a5-a861-1d823f298286,KABUPATEN DHARMASRAYA,-1.05,101.367,false  
08f16c7e-5bf0-4293-8d93-4f9dbeffe3ba,9cad8e99-bd90-44a5-a861-1d823f298286,KABUPATEN PASAMAN BARAT,0.28152,99.51965,false  
df0a0a51-9652-4522-abca-1fa9517001b8,9cad8e99-bd90-44a5-a861-1d823f298286,KOTA PADANG,-0.98333,100.45,false  
814fcf7e-2a20-47a5-b3bf-209de282f3c6,9cad8e99-bd90-44a5-a861-1d823f298286,KOTA SOLOK,-0.76667,100.61667,false  
d76a783d-82b6-466d-998d-c93f48b20727,9cad8e99-bd90-44a5-a861-1d823f298286,KOTA SAWAH LUNTO,-0.6,100.75,false  
7bbebf64-ae88-4e58-9a6b-e2b1dc0eeae9,9cad8e99-bd90-44a5-a861-1d823f298286,KOTA PADANG PANJANG,-0.45,100.43333,false  
09c7e262-8325-4a95-97c2-7bf182c12f37,9cad8e99-bd90-44a5-a861-1d823f298286,KOTA BUKITTINGGI,-0.275,100.375,false  
d1db2be3-5c38-4344-8c14-d8ec906b6625,9cad8e99-bd90-44a5-a861-1d823f298286,KOTA PAYAKUMBUH,-0.23333,100.63333,false  
67bcc465-8669-4094-b6b8-08cdd5dbe14c,9cad8e99-bd90-44a5-a861-1d823f298286,KOTA PARIAMAN,-0.62682,100.12047,false  
c0045e2b-631c-4fb5-a410-62854b9a9d8d,a12987ff-32a5-4333-8f06-5d05e84c69bc,KABUPATEN KUANTAN SINGINGI,-0.47532,101.45857,false  
5224084b-b4f4-4351-82c2-999ea7189bf6,a12987ff-32a5-4333-8f06-5d05e84c69bc,KABUPATEN INDRAGIRI HULU,-0.55,102.31667,false  
c1eaeb9a-e8c2-485f-a3d8-da9c41d544db,a12987ff-32a5-4333-8f06-5d05e84c69bc,KABUPATEN INDRAGIRI HILIR,-0.33333,103.16667,false  
c5b91bdb-321c-42a8-a513-ab553569cb2f,a12987ff-32a5-4333-8f06-5d05e84c69bc,KABUPATEN PELALAWAN,0.20822,102.18607,false  
30340efa-1f39-4c17-99b3-99607b51c320,a12987ff-32a5-4333-8f06-5d05e84c69bc,KABUPATEN SIAK,0.97453,102.01355,false  
027d60a0-1c31-4bc5-94ad-1d3cbfab180c,a12987ff-32a5-4333-8f06-5d05e84c69bc,KABUPATEN KAMPAR,0.2344,101.2131,false  
396266a5-abd9-4dfb-ad5e-e3c3a0d2d304,a12987ff-32a5-4333-8f06-5d05e84c69bc,KABUPATEN ROKAN HULU,0.88333,100.48333,false  
e05c4784-c0ab-4bb9-bb10-2a8b4eedab91,a12987ff-32a5-4333-8f06-5d05e84c69bc,KABUPATEN BENGKALIS,0.9838,102.5096,false  
fe2ba43c-f804-48e6-beeb-33a36f66f786,a12987ff-32a5-4333-8f06-5d05e84c69bc,KABUPATEN ROKAN HILIR,2.16599,100.82514,false  
c740a776-0858-4920-ba05-6fc1053ab56a,a12987ff-32a5-4333-8f06-5d05e84c69bc,KABUPATEN KEPULAUAN MERANTI,0.97488,102.69539,false  
be43c428-1592-45c2-8341-e10dc0c2258a,a12987ff-32a5-4333-8f06-5d05e84c69bc,KOTA PEKANBARU,0.53333,101.46667,false  
e0c935cf-dba0-4455-a3bf-05a03f49b5bb,a12987ff-32a5-4333-8f06-5d05e84c69bc,KOTA DUMAI,1.61592,101.4917,false  
461513ae-1368-494c-9c6c-ef3b4d2556c1,3e72fd3c-d813-42fd-a1aa-0deebbebbb96,KABUPATEN KERINCI,-2.03333,101.53333,false  
fa895187-6cdc-4df0-a9e9-42048df1ba03,3e72fd3c-d813-42fd-a1aa-0deebbebbb96,KABUPATEN MERANGIN,-2.06933,102.13303,false  
fcff2e40-2aed-44aa-bfbc-14e4f94b7f80,3e72fd3c-d813-42fd-a1aa-0deebbebbb96,KABUPATEN SAROLANGUN,-2.3,102.65,false  
84d68b6a-51de-4ff5-806d-f8ee02e8f94b,3e72fd3c-d813-42fd-a1aa-0deebbebbb96,KABUPATEN BATANG HARI,-1.75,103.11667,false  
7848f29a-f578-4bf8-bec3-dfd604d13404,3e72fd3c-d813-42fd-a1aa-0deebbebbb96,KABUPATEN MUARO JAMBI,-1.55214,103.82163,false  
2be42066-7c73-4093-b6a7-af11fbb6cccb,3e72fd3c-d813-42fd-a1aa-0deebbebbb96,KABUPATEN TANJUNG JABUNG TIMUR,-1.13198,103.61755,false  
db70e347-db07-41cd-8438-3677dce3b3a4,3e72fd3c-d813-42fd-a1aa-0deebbebbb96,KABUPATEN TANJUNG JABUNG BARAT,-1.1544,103.24402,false  
36125c44-4623-4837-8a80-929b3747eb5d,3e72fd3c-d813-42fd-a1aa-0deebbebbb96,KABUPATEN TEBO,-1.45576,102.37473,false  
40446c82-8513-427f-9509-8b79e8e85bb4,3e72fd3c-d813-42fd-a1aa-0deebbebbb96,KABUPATEN BUNGO,-1.50222,101.96,false  
8b59da81-d916-4931-9269-00d8a0a833d5,3e72fd3c-d813-42fd-a1aa-0deebbebbb96,KOTA JAMBI,-1.61667,103.65,false  
e06e8de8-e49e-4aef-9641-dc9615248b12,3e72fd3c-d813-42fd-a1aa-0deebbebbb96,KOTA SUNGAI PENUH,-2.10896,101.32175,false  
d89fd23d-38c9-471c-8685-4787582808ab,cdd61a62-f2a2-4cb5-ad7f-2ba185f6edc8,KABUPATEN OGAN KOMERING ULU,-4.13333,104.03333,false  
143ef91b-13df-4622-bda7-5f305ad2f882,cdd61a62-f2a2-4cb5-ad7f-2ba185f6edc8,KABUPATEN OGAN KOMERING ILIR,-3.36667,105.36667,false  
4bc177a1-faa4-4f5f-84ac-276814ba3e71,cdd61a62-f2a2-4cb5-ad7f-2ba185f6edc8,KABUPATEN MUARA ENIM,-4.2327,103.6141,false  
5427a07c-9e5c-4e74-8ffe-406e3fc20301,cdd61a62-f2a2-4cb5-ad7f-2ba185f6edc8,KABUPATEN LAHAT,-3.7864,103.5428,false  
6f7e598f-9c71-4de4-b571-91089134b981,cdd61a62-f2a2-4cb5-ad7f-2ba185f6edc8,KABUPATEN MUSI RAWAS,-3.08333,103.2,false  
fd523ad0-0e6a-4caf-a7af-e991a168c164,cdd61a62-f2a2-4cb5-ad7f-2ba185f6edc8,KABUPATEN MUSI BANYU ASIN,-2.41667,103.75,false  
226a2d4e-1a73-48db-9426-97319065263d,cdd61a62-f2a2-4cb5-ad7f-2ba185f6edc8,KABUPATEN BANYU ASIN,-2.88333,104.38306,false  
ba92a2a2-4ca9-49a9-9852-5e997ce34c71,cdd61a62-f2a2-4cb5-ad7f-2ba185f6edc8,KABUPATEN OGAN KOMERING ULU SELATAN,-4.65728,104.00659,false  
466b6908-1553-4e93-8228-a2d5b9b7f343,cdd61a62-f2a2-4cb5-ad7f-2ba185f6edc8,KABUPATEN OGAN KOMERING ULU TIMUR,-3.85679,104.75209,false  
703e0e30-1b73-461a-9e67-3d19dbab02f2,cdd61a62-f2a2-4cb5-ad7f-2ba185f6edc8,KABUPATEN OGAN ILIR,-3.43186,104.62727,false  
7b25f63e-c602-4013-a6ac-0a0baa5b966a,cdd61a62-f2a2-4cb5-ad7f-2ba185f6edc8,KABUPATEN EMPAT LAWANG,3.22667,99.09256,false  
138e4452-e48c-447b-969c-36127b09ba36,cdd61a62-f2a2-4cb5-ad7f-2ba185f6edc8,KABUPATEN PENUKAL ABAB LEMATANG ILIR,-3.21342,104.08722,false  
063c87f0-8789-4bf9-a1ac-e2f34ec42af7,cdd61a62-f2a2-4cb5-ad7f-2ba185f6edc8,KABUPATEN MUSI RAWAS UTARA,-2.48533,103.29346,false  
9be54697-591d-46cd-b509-34f184cac97b,cdd61a62-f2a2-4cb5-ad7f-2ba185f6edc8,KOTA PALEMBANG,-3,104.71667,false  
b128dbc5-c977-4372-951a-65b3d76f6319,cdd61a62-f2a2-4cb5-ad7f-2ba185f6edc8,KOTA PRABUMULIH,-3.46202,104.2229,false  
340680be-b9c7-42dc-a3ea-4234e23d2bab,cdd61a62-f2a2-4cb5-ad7f-2ba185f6edc8,KOTA PAGAR ALAM,-4.13055,103.26822,false  
0e36ed26-7a5b-4505-9d13-9347c13487e2,cdd61a62-f2a2-4cb5-ad7f-2ba185f6edc8,KOTA LUBUK LINGGAU,-3.29308,102.85503,false  
c8145a7b-2359-4c39-a0ce-cbbea00531cd,9ef02ada-7ec4-40c0-8455-498dbed049fe,KABUPATEN BENGKULU SELATAN,-4.35,103.03333,false  
959ec317-e1ee-4bdf-b741-23e5a293ec2c,9ef02ada-7ec4-40c0-8455-498dbed049fe,KABUPATEN REJANG LEBONG,-3.43333,102.71667,false  
cb4f0bc7-e6f6-4ef8-9285-322261b35878,9ef02ada-7ec4-40c0-8455-498dbed049fe,KABUPATEN BENGKULU UTARA,-3.33333,102.05,false  
5b722e2e-89dd-470b-a4cc-7d75ffa770c2,9ef02ada-7ec4-40c0-8455-498dbed049fe,KABUPATEN KAUR,-4.78179,103.36109,false  
ad66f0bd-cdc0-4d7f-975d-af61ba004b52,9ef02ada-7ec4-40c0-8455-498dbed049fe,KABUPATEN SELUMA,-3.96644,102.47429,false  
1ca7106c-38c6-49c0-9434-2131f6ce1242,9ef02ada-7ec4-40c0-8455-498dbed049fe,KABUPATEN MUKOMUKO,-3.07438,101.54766,false  
08f59fa4-6d6c-4cdb-bd06-2ca01c581f68,9ef02ada-7ec4-40c0-8455-498dbed049fe,KABUPATEN LEBONG,-3.24278,102.3349,false  
7ed15cf5-dfe8-47af-bec1-ddc6236c5db6,9ef02ada-7ec4-40c0-8455-498dbed049fe,KABUPATEN KEPAHIANG,-3.60194,102.56424,false  
ee7a3846-3b94-4895-baf6-49ea7b068454,9ef02ada-7ec4-40c0-8455-498dbed049fe,KABUPATEN BENGKULU TENGAH,-3.20679,102.12616,false  
75ae6b52-5c4a-4ff7-b92e-b58d989d8da6,9ef02ada-7ec4-40c0-8455-498dbed049fe,KOTA BENGKULU,-3.81667,102.31667,false  
598b20d6-0c38-414b-8f27-b74b8940a187,626b1106-d5be-48ba-8a12-a6313ec4636f,KABUPATEN LAMPUNG BARAT,-5.14904,104.19309,false  
9586a2eb-7182-4e78-b638-03c0c83fc3c7,626b1106-d5be-48ba-8a12-a6313ec4636f,KABUPATEN TANGGAMUS,-5.38508,104.62349,false  
d6e84b08-7ea1-4874-a237-a006e600169f,626b1106-d5be-48ba-8a12-a6313ec4636f,KABUPATEN LAMPUNG SELATAN,-5.4531,104.9877,false  
dadcf5b8-c5a7-40a6-8706-b652c3cdc1ac,626b1106-d5be-48ba-8a12-a6313ec4636f,KABUPATEN LAMPUNG TIMUR,-5.10273,105.68003,false  
0b6e81cd-e4f0-4a1c-bf0b-0431436e3de4,626b1106-d5be-48ba-8a12-a6313ec4636f,KABUPATEN LAMPUNG TENGAH,-4.86667,105.26667,false  
c75bf06d-c510-4997-9df9-9efad7b5eae4,626b1106-d5be-48ba-8a12-a6313ec4636f,KABUPATEN LAMPUNG UTARA,-4.81667,104.8,false  
d6c35fb4-aabe-4b33-9c11-0d0c6cfa4e62,626b1106-d5be-48ba-8a12-a6313ec4636f,KABUPATEN WAY KANAN,-4.44705,104.52753,false  
e32543dc-a302-4181-9c09-e466f186ce0b,626b1106-d5be-48ba-8a12-a6313ec4636f,KABUPATEN TULANGBAWANG,-4.20604,105.57999,false  
ef74afd0-71e4-49ae-b1b8-90ef05259772,626b1106-d5be-48ba-8a12-a6313ec4636f,KABUPATEN PESAWARAN,-5.4298,105.17899,false  
28bc3650-cc49-46f0-b666-9e07e6ee43a0,626b1106-d5be-48ba-8a12-a6313ec4636f,KABUPATEN PRINGSEWU,-5.42211,104.93454,false  
57eec14d-1e0d-49ab-9740-86906d889f8f,626b1106-d5be-48ba-8a12-a6313ec4636f,KABUPATEN MESUJI,-4.0439,105.4013,false  
d1e497cd-1bce-4995-9f32-512ed14650c1,626b1106-d5be-48ba-8a12-a6313ec4636f,KABUPATEN TULANG BAWANG BARAT,-4.43975,105.0444,false  
7f353eb2-628a-40ea-9530-50c4557aa810,626b1106-d5be-48ba-8a12-a6313ec4636f,KABUPATEN PESISIR BARAT,-5.19323,103.93976,false  
3ab65324-f37e-4cea-90af-6401a88a7e1f,626b1106-d5be-48ba-8a12-a6313ec4636f,KOTA BANDAR LAMPUNG,-5.41667,105.25,false  
09295c7a-052b-4af5-8248-a24e14dc8e0b,626b1106-d5be-48ba-8a12-a6313ec4636f,KOTA METRO,-5.11856,105.29949,false  
dd599504-9739-4abc-ac35-89870162166e,d926551c-34f1-4cb6-a764-c00af5bafd4e,KABUPATEN BANGKA,-1.91667,105.93333,false  
20ddd5ba-a764-460f-b7a4-02b9eb987705,d926551c-34f1-4cb6-a764-c00af5bafd4e,KABUPATEN BELITUNG,-2.86667,107.7,false  
95330cbf-dce8-4b41-ac76-cb3b26ed0c45,d926551c-34f1-4cb6-a764-c00af5bafd4e,KABUPATEN BANGKA BARAT,-1.95839,105.53741,false  
bb50075e-770b-4ef4-ad2c-791f1ba9b7c5,d926551c-34f1-4cb6-a764-c00af5bafd4e,KABUPATEN BANGKA TENGAH,-2.33989,106.1142,false  
3153289f-b729-4f2e-9387-97207d1fa667,d926551c-34f1-4cb6-a764-c00af5bafd4e,KABUPATEN BANGKA SELATAN,-2.66803,106.01257,false  
a021be88-03a6-4050-99f3-1d904ec389e4,d926551c-34f1-4cb6-a764-c00af5bafd4e,KABUPATEN BELITUNG TIMUR,-2.9627,108.15216,false  
3dcde11e-7665-4bd7-919a-831dadc49c3a,d926551c-34f1-4cb6-a764-c00af5bafd4e,KOTA PANGKAL PINANG,-2.13333,106.13333,false  
d338eae7-471c-4fcd-a072-7113611698ba,0ba1aaf2-c7d4-47bf-b8fb-123b56e5e2ae,KABUPATEN KARIMUN,0.80764,103.41911,false  
9728ea63-46b0-41dd-8258-3194169a8321,0ba1aaf2-c7d4-47bf-b8fb-123b56e5e2ae,KABUPATEN BINTAN,0.95,104.61944,false  
bf1dfc28-2204-4fdf-8dec-11e5965df854,0ba1aaf2-c7d4-47bf-b8fb-123b56e5e2ae,KABUPATEN NATUNA,4.71417,107.97639,false  
040f94fe-e5d8-4a1f-ad1d-d52f39a8dbb0,0ba1aaf2-c7d4-47bf-b8fb-123b56e5e2ae,KABUPATEN LINGGA,0.2,104.61667,false  
81a24ce8-c11c-4fc4-9371-66aa3482e75a,0ba1aaf2-c7d4-47bf-b8fb-123b56e5e2ae,KABUPATEN KEPULAUAN ANAMBAS,3,106,false  
8730fe55-f979-48da-92a0-cd0f7a6018e7,0ba1aaf2-c7d4-47bf-b8fb-123b56e5e2ae,KOTA BATAM,1.05211,104.02851,false  
a0b88f91-d2c9-48b5-8ee6-78408f835e0d,0ba1aaf2-c7d4-47bf-b8fb-123b56e5e2ae,KOTA TANJUNG PINANG,0.91683,104.44329,false  
6d5e3a35-f3a7-4182-9a16-59df3a01cb73,5a4af7ea-cded-46bb-b94a-e1986616a802,KABUPATEN KEPULAUAN SERIBU,-5.5985,106.55271,false  
4475f620-d304-4e99-a19c-2e061d927c16,5a4af7ea-cded-46bb-b94a-e1986616a802,KOTA JAKARTA SELATAN,-6.266,106.8135,false  
0142b96f-16d7-4783-8197-90a7c9a69c90,5a4af7ea-cded-46bb-b94a-e1986616a802,KOTA JAKARTA TIMUR,-6.2521,106.884,false  
d0f23e16-e4d1-4ff4-b2ec-f031d2218a92,5a4af7ea-cded-46bb-b94a-e1986616a802,KOTA JAKARTA PUSAT,-6.1777,106.8403,false  
338b7188-a24a-4343-9a7b-abd70b39b299,5a4af7ea-cded-46bb-b94a-e1986616a802,KOTA JAKARTA BARAT,-6.1676,106.7673,false  
020e8a93-e1b6-48cb-a670-7428c0cc5aa1,5a4af7ea-cded-46bb-b94a-e1986616a802,KOTA JAKARTA UTARA,-6.1339,106.8823,false  
b9eabe83-e548-42fb-a7ae-bca5115908b8,bed4e315-5fd0-4e47-940d-feee26f61f02,KABUPATEN BOGOR,-6.58333,106.71667,false  
3cd130db-79ce-4213-bf5a-8c6feacb02af,bed4e315-5fd0-4e47-940d-feee26f61f02,KABUPATEN SUKABUMI,-7.06667,106.7,false  
692b171a-8f3a-4a46-8ee7-f07e09ee938d,bed4e315-5fd0-4e47-940d-feee26f61f02,KABUPATEN CIANJUR,-6.7725,107.08306,false  
574bf9b3-6284-4932-97d0-182bc24ab507,bed4e315-5fd0-4e47-940d-feee26f61f02,KABUPATEN BANDUNG,-7.1,107.6,false  
9dd4af5f-a123-4021-92fe-e4042480e24c,bed4e315-5fd0-4e47-940d-feee26f61f02,KABUPATEN GARUT,-7.38333,107.76667,false  
76ed9d0d-83d0-483f-9499-37cd5f4d1ce1,bed4e315-5fd0-4e47-940d-feee26f61f02,KABUPATEN TASIKMALAYA,-7.5,108.13333,false  
6d86b161-689f-4577-b3ee-5f1d617132fa,bed4e315-5fd0-4e47-940d-feee26f61f02,KABUPATEN CIAMIS,-7.28333,108.41667,false  
d5ef0f5e-4bb3-4517-b11e-797605cfc3b0,bed4e315-5fd0-4e47-940d-feee26f61f02,KABUPATEN KUNINGAN,-7,108.55,false  
a28f0b4c-e633-47bd-ae08-973c6b16aa34,bed4e315-5fd0-4e47-940d-feee26f61f02,KABUPATEN CIREBON,-6.8,108.56667,false  
615fb35b-4316-49c1-8fb5-f9cbec12adf2,bed4e315-5fd0-4e47-940d-feee26f61f02,KABUPATEN MAJALENGKA,-6.81667,108.28333,false  
d1566508-651f-4151-934d-899acd8bdceb,bed4e315-5fd0-4e47-940d-feee26f61f02,KABUPATEN SUMEDANG,-6.81667,107.98333,false  
dc0dba96-73be-4e2b-9b65-dce2d996a9ca,bed4e315-5fd0-4e47-940d-feee26f61f02,KABUPATEN INDRAMAYU,-6.45,108.16667,false  
2a39fd7a-0fb0-4cd1-97f4-8cc82175cfc8,bed4e315-5fd0-4e47-940d-feee26f61f02,KABUPATEN SUBANG,-6.50833,107.7025,false  
af5575da-21fd-4625-b889-9559ddbfde96,bed4e315-5fd0-4e47-940d-feee26f61f02,KABUPATEN PURWAKARTA,-6.58333,107.45,false  
1d90e6cf-ad6e-4806-9291-bbec5c1adb8b,bed4e315-5fd0-4e47-940d-feee26f61f02,KABUPATEN KARAWANG,-6.26667,107.41667,false  
0062cc47-7b30-4731-add0-f3677831ae69,bed4e315-5fd0-4e47-940d-feee26f61f02,KABUPATEN BEKASI,-6.24667,107.10833,false  
821aaf63-1bda-4057-a531-01f4b0a8ea12,bed4e315-5fd0-4e47-940d-feee26f61f02,KABUPATEN BANDUNG BARAT,-6.83333,107.48333,false  
af5e9cfe-7496-4ee7-b22c-43aaf8470612,bed4e315-5fd0-4e47-940d-feee26f61f02,KABUPATEN PANGANDARAN,-7.6673,108.64037,false  
76f50674-4cf9-48a3-ac83-78c2fdffd4aa,bed4e315-5fd0-4e47-940d-feee26f61f02,KOTA BOGOR,-6.59167,106.8,false  
8410f6d0-7d2c-4afa-ba5f-dff8d0016132,bed4e315-5fd0-4e47-940d-feee26f61f02,KOTA SUKABUMI,-6.95,106.93333,false  
c0f62856-46cc-4bf7-b20d-cf469d9640b2,bed4e315-5fd0-4e47-940d-feee26f61f02,KOTA BANDUNG,-6.9175,107.62444,false  
8d3f9c3a-e021-4381-bd13-4e854b62a9d6,bed4e315-5fd0-4e47-940d-feee26f61f02,KOTA CIREBON,-6.75,108.55,false  
114b7504-d7da-4bee-b278-4f662cb519d5,bed4e315-5fd0-4e47-940d-feee26f61f02,KOTA BEKASI,-6.28333,106.98333,false  
19a2e8a2-2196-43f6-b2e5-06803c7f9fa4,bed4e315-5fd0-4e47-940d-feee26f61f02,KOTA DEPOK,-6.4,106.81667,false  
5d14b6c7-4be2-4858-808f-1e06ca206bfd,bed4e315-5fd0-4e47-940d-feee26f61f02,KOTA CIMAHI,-6.89167,107.55,false  
e7feda9d-393d-495c-93a4-ba01fd3abb48,bed4e315-5fd0-4e47-940d-feee26f61f02,KOTA TASIKMALAYA,-7.35,108.21667,false  
1cb494dd-8a49-4b0c-b328-3d6391ab9b5a,bed4e315-5fd0-4e47-940d-feee26f61f02,KOTA BANJAR,-7.36996,108.53209,false  
f2fa78b1-137e-4562-8468-bc40a00b01da,59e26281-9ab3-4e9f-8493-415b3aef4477,KABUPATEN CILACAP,-7.57417,108.98861,false  
f4c23290-a4d0-45c7-9d5d-4d9c63dad88c,59e26281-9ab3-4e9f-8493-415b3aef4477,KABUPATEN BANYUMAS,-7.45,109.16667,false  
2e6ca2ec-4070-43f2-91fc-a96b34f9480b,59e26281-9ab3-4e9f-8493-415b3aef4477,KABUPATEN PURBALINGGA,-7.28417,109.35028,false  
e3e939eb-e3fe-4972-bc57-7e3bd439638c,59e26281-9ab3-4e9f-8493-415b3aef4477,KABUPATEN BANJARNEGARA,-7.35111,109.5875,false  
cf31cfe3-fdc2-4d1e-858d-7b02868d6b74,59e26281-9ab3-4e9f-8493-415b3aef4477,KABUPATEN KEBUMEN,-7.63917,109.66056,false  
0283a8a7-5789-4fbc-956a-daf93093c21f,59e26281-9ab3-4e9f-8493-415b3aef4477,KABUPATEN PURWOREJO,-7.7,109.96667,false  
029da62e-febe-43c1-800a-884b9e4a4471,59e26281-9ab3-4e9f-8493-415b3aef4477,KABUPATEN WONOSOBO,-7.36139,109.92667,false  
79c36d49-f98f-4e5a-badf-aab0cbe3a36b,59e26281-9ab3-4e9f-8493-415b3aef4477,KABUPATEN MAGELANG,-7.4275,110.16194,false  
ced58127-c362-4b58-a49a-37668e35255e,59e26281-9ab3-4e9f-8493-415b3aef4477,KABUPATEN BOYOLALI,-7.5,110.7,false  
b93a0ace-ecf2-44c6-ba81-417bc51d4533,59e26281-9ab3-4e9f-8493-415b3aef4477,KABUPATEN KLATEN,-7.68333,110.61667,false  
4a589ce4-3c4e-4e84-a6f2-6837d487af66,59e26281-9ab3-4e9f-8493-415b3aef4477,KABUPATEN SUKOHARJO,-7.68333,110.83333,false  
f2a498d6-1791-4604-bf0f-6807ad8b7931,59e26281-9ab3-4e9f-8493-415b3aef4477,KABUPATEN WONOGIRI,-7.91667,111,false  
868e18a4-c62f-4450-ac86-4179bd47928a,59e26281-9ab3-4e9f-8493-415b3aef4477,KABUPATEN KARANGANYAR,-7.62806,111.0625,false  
ff42b267-7b1d-48ed-8901-018da57b105c,59e26281-9ab3-4e9f-8493-415b3aef4477,KABUPATEN SRAGEN,-7.41278,110.935,false  
bdbe5975-ab74-4820-9c61-e9506c7862bc,59e26281-9ab3-4e9f-8493-415b3aef4477,KABUPATEN GROBOGAN,-7.11667,110.91667,false  
6f779726-13f1-41dd-8db1-eb837fee8489,59e26281-9ab3-4e9f-8493-415b3aef4477,KABUPATEN BLORA,-7.06667,111.38333,false  
50d21927-9041-4b9d-9162-7fdb873901a0,59e26281-9ab3-4e9f-8493-415b3aef4477,KABUPATEN REMBANG,-6.78333,111.46667,false  
e5c64ed0-97e5-4aa8-867a-a02aabf6847c,59e26281-9ab3-4e9f-8493-415b3aef4477,KABUPATEN PATI,-6.76667,111.1,false  
35a9c38f-bcba-4800-8659-c178028cf775,59e26281-9ab3-4e9f-8493-415b3aef4477,KABUPATEN KUDUS,-6.8,110.86667,false  
dbd02f49-0a05-49b6-b3b5-88f91eebdfef,59e26281-9ab3-4e9f-8493-415b3aef4477,KABUPATEN JEPARA,-6.58333,110.76667,false  
eb70fd48-c33c-43fd-a601-6cf4dc28340d,59e26281-9ab3-4e9f-8493-415b3aef4477,KABUPATEN DEMAK,-6.8993,110.6122,false  
5b5c7aa2-2572-432c-9a84-cff7c0b0e1ca,59e26281-9ab3-4e9f-8493-415b3aef4477,KABUPATEN SEMARANG,-7.20667,110.44139,false  
bfac7940-0f5b-4143-9fcc-b056b99f658e,59e26281-9ab3-4e9f-8493-415b3aef4477,KABUPATEN TEMANGGUNG,-7.25,110.11667,false  
934c4c58-47a8-410d-9976-12e231c6ee39,59e26281-9ab3-4e9f-8493-415b3aef4477,KABUPATEN KENDAL,-7.0256,110.1685,false  
08239bf6-9ab8-466f-8427-3989c1d897bb,59e26281-9ab3-4e9f-8493-415b3aef4477,KABUPATEN BATANG,-7.03333,109.88333,false  
fd753dd0-ac5b-419b-94bc-3683264acc9b,59e26281-9ab3-4e9f-8493-415b3aef4477,KABUPATEN PEKALONGAN,-7.0319,109.624,false  
96683efd-6450-4b9b-8726-42e97f8bcb94,59e26281-9ab3-4e9f-8493-415b3aef4477,KABUPATEN PEMALANG,-7.03333,109.4,false  
05168306-237c-48f6-953e-f61963ce0849,59e26281-9ab3-4e9f-8493-415b3aef4477,KABUPATEN TEGAL,-7.03333,109.16667,false  
e95e3705-200e-46cf-9eeb-1e66dbdec092,59e26281-9ab3-4e9f-8493-415b3aef4477,KABUPATEN BREBES,-7.05,108.9,false  
b497acaf-ee50-4a70-b233-b322b1b51940,59e26281-9ab3-4e9f-8493-415b3aef4477,KOTA MAGELANG,-7.5,110.225,false  
6c918757-633a-4007-9eef-c55aaf009afa,59e26281-9ab3-4e9f-8493-415b3aef4477,KOTA SURAKARTA,-7.55,110.81667,false  
0e7cda27-bc03-43ff-912a-a0502a9243ee,59e26281-9ab3-4e9f-8493-415b3aef4477,KOTA SALATIGA,-7.33278,110.48333,false  
ff4a70ff-3943-4cc2-979e-54095da883a7,59e26281-9ab3-4e9f-8493-415b3aef4477,KOTA SEMARANG,-7.03333,110.38333,false  
46e26789-de7e-44ea-84ce-f15b1bd8e83e,59e26281-9ab3-4e9f-8493-415b3aef4477,KOTA PEKALONGAN,-6.9,109.68333,false  
261e1c66-2a66-40ca-a8a9-507bcce41da6,59e26281-9ab3-4e9f-8493-415b3aef4477,KOTA TEGAL,-6.8686,109.1129,false  
7515253a-c863-439c-9275-c7215e266fd2,67476af6-2f9b-4959-b76a-793525ac4255,KABUPATEN KULON PROGO,-7.645,110.02694,false  
5141315b-a961-4a60-93a7-498f3ace4ba6,67476af6-2f9b-4959-b76a-793525ac4255,KABUPATEN BANTUL,-7.9,110.36667,false  
7be340e4-039e-46c6-9f75-51b2a56088a9,67476af6-2f9b-4959-b76a-793525ac4255,KABUPATEN GUNUNG KIDUL,-7.98333,110.61667,false  
8f750034-f07a-4037-a5f7-21d8bb8fd674,67476af6-2f9b-4959-b76a-793525ac4255,KABUPATEN SLEMAN,-7.68167,110.32333,false  
ab308137-1c48-49c8-a5ac-357568151e63,67476af6-2f9b-4959-b76a-793525ac4255,KOTA YOGYAKARTA,-7.8,110.375,false  
cd97652c-46e2-4ef0-8439-fe73bcd8ac57,70021699-f598-4172-9d42-7bea289d2c1b,KABUPATEN PACITAN,-8.13333,111.16667,false  
19aae070-cd4a-4f05-ae90-e2eefa4ac053,70021699-f598-4172-9d42-7bea289d2c1b,KABUPATEN PONOROGO,-7.93333,111.5,false  
9857ce01-74fa-4695-8f13-971489fa3e38,70021699-f598-4172-9d42-7bea289d2c1b,KABUPATEN TRENGGALEK,-8.16667,111.61667,false  
2b700a41-9922-4011-84dd-0413b1e30d2a,70021699-f598-4172-9d42-7bea289d2c1b,KABUPATEN TULUNGAGUNG,-8.11667,111.91667,false  
c3c891a5-616a-4b49-9bfb-da305d4c5c3c,70021699-f598-4172-9d42-7bea289d2c1b,KABUPATEN BLITAR,-8.13333,112.25,false  
dcca323a-b438-41c6-b5bd-8380aceed6b4,70021699-f598-4172-9d42-7bea289d2c1b,KABUPATEN KEDIRI,-7.83333,112.16667,false  
07787dda-28b4-4377-ae9e-a65139b2d806,70021699-f598-4172-9d42-7bea289d2c1b,KABUPATEN MALANG,-8.16667,112.66667,false  
f5a798b3-af9a-4818-a671-d1127542fd0d,70021699-f598-4172-9d42-7bea289d2c1b,KABUPATEN LUMAJANG,-8.11667,113.15,false  
7ad1a062-a91d-431e-8ba5-b4f932401a70,70021699-f598-4172-9d42-7bea289d2c1b,KABUPATEN JEMBER,-8.25,113.65,false  
6c339fe7-97f1-4a21-9a3b-f182af958179,70021699-f598-4172-9d42-7bea289d2c1b,KABUPATEN BANYUWANGI,-8.33333,114.2,false  
71fd43e2-14b2-434d-be85-d473672d6aec,70021699-f598-4172-9d42-7bea289d2c1b,KABUPATEN BONDOWOSO,-7.9404,113.9834,false  
ef829b16-0646-4d19-ba15-7321a4957aa7,70021699-f598-4172-9d42-7bea289d2c1b,KABUPATEN SITUBONDO,-7.71667,114.05,false  
bcd35b3f-4980-4f5c-ae7e-76e717428180,70021699-f598-4172-9d42-7bea289d2c1b,KABUPATEN PROBOLINGGO,-7.86667,113.31667,false  
8015d32e-b040-4b58-9a8c-e841d02c87b3,70021699-f598-4172-9d42-7bea289d2c1b,KABUPATEN PASURUAN,-7.73333,112.83333,false  
5670bd7d-8d2c-43e1-a3e3-b9819bba9634,70021699-f598-4172-9d42-7bea289d2c1b,KABUPATEN SIDOARJO,-7.45,112.7,false  
dd64e9ca-f0e7-4c88-8d9d-3e2fea0a90bc,70021699-f598-4172-9d42-7bea289d2c1b,KABUPATEN MOJOKERTO,-7.55,112.5,false  
b0a75ffc-9a04-4087-9f27-488ef632f930,70021699-f598-4172-9d42-7bea289d2c1b,KABUPATEN JOMBANG,-7.55,112.25,false  
b873443a-7ee7-45bf-830e-6c042bc7c515,70021699-f598-4172-9d42-7bea289d2c1b,KABUPATEN NGANJUK,-7.6,111.93333,false  
e48b3a88-a6b5-4e81-b085-2e44a1b27562,70021699-f598-4172-9d42-7bea289d2c1b,KABUPATEN MADIUN,-7.61667,111.65,false  
fc583ce2-7830-4cb4-8404-94425bcfbe0e,70021699-f598-4172-9d42-7bea289d2c1b,KABUPATEN MAGETAN,-7.64472,111.35917,false  
a2f8d94d-f50e-45ca-83e3-376879dccaf3,70021699-f598-4172-9d42-7bea289d2c1b,KABUPATEN NGAWI,-7.47444,111.33444,false  
ec3b6666-6914-4dbe-bd4d-bf132276203c,70021699-f598-4172-9d42-7bea289d2c1b,KABUPATEN BOJONEGORO,-7.25,111.8,false  
7f317adb-76ed-4212-83c1-9e1a9189a38f,70021699-f598-4172-9d42-7bea289d2c1b,KABUPATEN TUBAN,-6.96667,111.9,false  
23ac8c3c-f269-47c2-8106-525b9af4a174,70021699-f598-4172-9d42-7bea289d2c1b,KABUPATEN LAMONGAN,-7.13333,112.31667,false  
81f88b72-20d7-4a7d-97e0-f70b3fe54251,70021699-f598-4172-9d42-7bea289d2c1b,KABUPATEN GRESIK,-7.1933,112.553,false  
071aab86-2a73-48b1-a9de-fdf0c3ad61cc,70021699-f598-4172-9d42-7bea289d2c1b,KABUPATEN BANGKALAN,-7.05,112.93333,false  
9e2c9f95-99e2-455b-ad33-6e509882a41b,70021699-f598-4172-9d42-7bea289d2c1b,KABUPATEN SAMPANG,-7.05,113.25,false  
0fab34e7-142a-42be-a713-4c54f973ef43,70021699-f598-4172-9d42-7bea289d2c1b,KABUPATEN PAMEKASAN,-7.06667,113.5,false  
6a53fb3e-fd1e-4011-8ff1-9742c90b1a1a,70021699-f598-4172-9d42-7bea289d2c1b,KABUPATEN SUMENEP,-7.11667,114.33333,false  
2c5f7a34-eae6-4ab2-acc4-14cd7ec0c8e2,70021699-f598-4172-9d42-7bea289d2c1b,KOTA KEDIRI,-7.83333,112.01667,false  
4687c12d-0689-47a8-a0b4-4d1986947c99,70021699-f598-4172-9d42-7bea289d2c1b,KOTA BLITAR,-8.1,112.16667,false  
b1d3076d-ef2b-40d6-8236-88f64ff5af5b,70021699-f598-4172-9d42-7bea289d2c1b,KOTA MALANG,-7.975,112.63333,false  
387ab380-0f47-41fe-8871-2cacdc785176,70021699-f598-4172-9d42-7bea289d2c1b,KOTA PROBOLINGGO,-7.78333,113.21667,false  
bf6864f6-5568-4d86-b139-12cdc5801f44,70021699-f598-4172-9d42-7bea289d2c1b,KOTA PASURUAN,-7.65,112.9,false  
24328914-dda4-4f79-9e1a-43c69a01bedc,70021699-f598-4172-9d42-7bea289d2c1b,KOTA MOJOKERTO,-7.46667,112.43333,false  
0f52ff8b-f13a-49ff-a66e-aec5a30e157f,70021699-f598-4172-9d42-7bea289d2c1b,KOTA MADIUN,-7.63333,111.53333,false  
6826dddb-3078-468d-abb9-341a83a7f460,70021699-f598-4172-9d42-7bea289d2c1b,KOTA SURABAYA,-7.26667,112.71667,false  
0e38e3ca-1dfe-4776-badf-abfa3dbdb09b,70021699-f598-4172-9d42-7bea289d2c1b,KOTA BATU,-7.83272,112.53751,false  
aad199ba-63e5-4394-9116-07eb9a3e52e1,26ef2314-f288-440c-9c26-1ce421be9c79,KABUPATEN PANDEGLANG,-6.63333,105.75,false  
307e3c3d-1b9a-4d00-9269-c4bd0b626c4c,26ef2314-f288-440c-9c26-1ce421be9c79,KABUPATEN LEBAK,-6.65,106.21667,false  
04f46579-2969-4106-ba60-55e106ffc80e,26ef2314-f288-440c-9c26-1ce421be9c79,KABUPATEN TANGERANG,-6.2,106.46667,false  
a9c844d1-5336-4e67-bf7c-c9deb8361b0c,26ef2314-f288-440c-9c26-1ce421be9c79,KABUPATEN SERANG,-6.15,106,false  
d7d170f4-7927-4fb2-ab41-41b9cd000059,26ef2314-f288-440c-9c26-1ce421be9c79,KOTA TANGERANG,-6.17944,106.62991,false  
a567ce2c-8e75-408d-9992-7811f492590a,26ef2314-f288-440c-9c26-1ce421be9c79,KOTA CILEGON,-6.01667,106.01667,false  
57d5ce8a-bf89-4435-a822-252bbd375970,26ef2314-f288-440c-9c26-1ce421be9c79,KOTA SERANG,-6.12563,106.14999,false  
37f09a20-16ef-4a65-8365-c424beec97a2,26ef2314-f288-440c-9c26-1ce421be9c79,KOTA TANGERANG SELATAN,-6.29373,106.71244,false  
d40db45a-c889-42c9-92ec-ac3156531b8c,282ae043-73f3-4a1c-9902-57507b539fc4,KABUPATEN JEMBRANA,-8.3,114.66667,false  
8915fc8b-a14a-4a86-bea0-d8d2297a36bd,282ae043-73f3-4a1c-9902-57507b539fc4,KABUPATEN TABANAN,-8.43333,115.06667,false  
2483c406-2693-4835-8833-5a535a48f27a,282ae043-73f3-4a1c-9902-57507b539fc4,KABUPATEN BADUNG,-8.51667,115.2,false  
9c559893-b2d0-4a57-b579-afbf9f018094,282ae043-73f3-4a1c-9902-57507b539fc4,KABUPATEN GIANYAR,-8.46667,115.28333,false  
83adddd5-e138-4706-99e5-e13d83c215c5,282ae043-73f3-4a1c-9902-57507b539fc4,KABUPATEN KLUNGKUNG,-8.55,115.4,false  
8428dbf2-fabf-4b26-888f-99369103cd78,282ae043-73f3-4a1c-9902-57507b539fc4,KABUPATEN BANGLI,-8.28333,115.35,false  
ade1ed02-44e4-4465-a332-c5a906b35018,282ae043-73f3-4a1c-9902-57507b539fc4,KABUPATEN KARANG ASEM,-8.3891,115.5393,false  
97a83850-e7f2-410b-9d61-c9791edf20aa,282ae043-73f3-4a1c-9902-57507b539fc4,KABUPATEN BULELENG,-8.25,114.96667,false  
3d389855-c6a1-486f-a320-b1a072f6168d,282ae043-73f3-4a1c-9902-57507b539fc4,KOTA DENPASAR,-8.66667,115.21663,false  
2ae3a3f1-2dc7-4c6e-a9f2-9cd97ba76ad9,b460d4e6-a807-4521-ae01-ba9946e5b995,KABUPATEN LOMBOK BARAT,-8.69583,116.11667,false  
8941d109-cdbd-48e1-aa7c-cdd7d79d75b9,b460d4e6-a807-4521-ae01-ba9946e5b995,KABUPATEN LOMBOK TENGAH,-8.7,116.3,false  
f7e5495f-781e-4257-910e-c4ab4f501e9d,b460d4e6-a807-4521-ae01-ba9946e5b995,KABUPATEN LOMBOK TIMUR,-8.53333,116.53333,false  
f9c54da0-fc72-4cfb-a275-d03840cccc03,b460d4e6-a807-4521-ae01-ba9946e5b995,KABUPATEN SUMBAWA,-8.7439,117.3324,false  
b00998b4-b7aa-4156-ae00-2fc642a856fd,b460d4e6-a807-4521-ae01-ba9946e5b995,KABUPATEN DOMPU,-8.5094,118.4816,false  
50ebcb1e-8c2c-4b32-af74-3c57e77308e4,b460d4e6-a807-4521-ae01-ba9946e5b995,KABUPATEN BIMA,-8.6,118.61667,false  
bb63fb66-5416-43a2-bda6-a63548b02224,b460d4e6-a807-4521-ae01-ba9946e5b995,KABUPATEN SUMBAWA BARAT,-8.75159,116.92132,false  
05751a89-cbbc-4584-8533-5c6318493df3,b460d4e6-a807-4521-ae01-ba9946e5b995,KABUPATEN LOMBOK UTARA,-8.35214,116.40152,false  
9a8f295f-03ec-4a57-8255-bc7d522eb2ca,b460d4e6-a807-4521-ae01-ba9946e5b995,KOTA MATARAM,-8.5833,116.1167,false  
151949e2-a669-4f86-a459-5c1dcbd08065,b460d4e6-a807-4521-ae01-ba9946e5b995,KOTA BIMA,-8.46728,118.75259,false  
73518b8c-35c0-4d38-b323-a61317fead7b,db34744f-c89c-470d-929f-cddf64d2d1da,KABUPATEN SUMBA BARAT,-9.56667,119.45,false  
1d360333-a648-4e29-a100-3c824bd7d04e,db34744f-c89c-470d-929f-cddf64d2d1da,KABUPATEN SUMBA TIMUR,-9.88333,120.25,false  
e0773ed0-e2c1-47da-88b1-f0a68f6f163b,db34744f-c89c-470d-929f-cddf64d2d1da,KABUPATEN KUPANG,-9.91667,123.83333,false  
f2a0d9f6-ecdf-4dc0-a071-491ef6d848a4,db34744f-c89c-470d-929f-cddf64d2d1da,KABUPATEN TIMOR TENGAH SELATAN,-9.83333,124.4,false  
3c8a926d-0738-4f65-ace2-4fb2f44b4c9d,db34744f-c89c-470d-929f-cddf64d2d1da,KABUPATEN TIMOR TENGAH UTARA,-9.33136,124.51904,false  
20ca323e-4310-449a-be5f-596789d03f29,db34744f-c89c-470d-929f-cddf64d2d1da,KABUPATEN BELU,-9.41258,124.95066,false  
5d738d6c-9f02-4eba-8728-0474d50afad9,db34744f-c89c-470d-929f-cddf64d2d1da,KABUPATEN ALOR,-8.3,124.56667,false  
f0dd024e-58d5-4d69-a2d4-ff1d7d32f5f3,db34744f-c89c-470d-929f-cddf64d2d1da,KABUPATEN LEMBATA,-8.41396,123.55225,false  
7c962981-055d-40b3-961e-340aba44423b,db34744f-c89c-470d-929f-cddf64d2d1da,KABUPATEN FLORES TIMUR,-8.24224,122.96817,false  
91782d23-c32c-40f5-b499-259e6d6aaf29,db34744f-c89c-470d-929f-cddf64d2d1da,KABUPATEN SIKKA,-8.66667,122.36667,false  
493fc59a-0ea5-40d6-a7f1-be8c62ec0512,db34744f-c89c-470d-929f-cddf64d2d1da,KABUPATEN ENDE,-8.84056,121.66389,false  
2642d9fb-d37e-42b8-bc01-2d74727b6a9d,db34744f-c89c-470d-929f-cddf64d2d1da,KABUPATEN NGADA,-8.66667,121,false  
35dee521-a5b5-4088-b778-64f3d2db7947,db34744f-c89c-470d-929f-cddf64d2d1da,KABUPATEN MANGGARAI,-8.56667,120.41667,false  
c1b39de9-35bd-4eb1-a844-3818828c8124,db34744f-c89c-470d-929f-cddf64d2d1da,KABUPATEN ROTE NDAO,-10.73617,123.12054,false  
d00e14d7-2f57-442d-84d8-11170479ac2f,db34744f-c89c-470d-929f-cddf64d2d1da,KABUPATEN MANGGARAI BARAT,-8.64484,119.88281,false  
dba3248a-f5fd-4f08-990c-a584c0be0acf,db34744f-c89c-470d-929f-cddf64d2d1da,KABUPATEN SUMBA TENGAH,-9.62941,119.61914,false  
9609b934-ce65-4c7a-8a54-0b686fa6a67b,db34744f-c89c-470d-929f-cddf64d2d1da,KABUPATEN SUMBA BARAT DAYA,-9.56216,119.08905,false  
505fa2bb-bb64-45e9-8575-89a0cf9ef813,db34744f-c89c-470d-929f-cddf64d2d1da,KABUPATEN NAGEKEO,-8.8721,121.20963,false  
6adedc5a-47f5-4b1d-8eef-f36677eb35a5,db34744f-c89c-470d-929f-cddf64d2d1da,KABUPATEN MANGGARAI TIMUR,-8.55533,120.59761,false  
c11d2222-7780-4633-a77c-6027c129532c,db34744f-c89c-470d-929f-cddf64d2d1da,KABUPATEN SABU RAIJUA,-10.56286,121.78894,false  
5dd86478-7a91-4ffe-8018-a4b153898395,db34744f-c89c-470d-929f-cddf64d2d1da,KABUPATEN MALAKA,-9.5632,124.89481,false  
ecd0edc4-567d-4f84-b95a-93d0360b4cd3,db34744f-c89c-470d-929f-cddf64d2d1da,KOTA KUPANG,-10.21667,123.6,false  
62b0509f-abb6-4872-b56d-8c00d6eb7856,7fe0118e-12bd-4a34-91dc-b28bb2335fd4,KABUPATEN SAMBAS,1.41667,109.33333,false  
aa4e712c-1d5a-4853-9e48-6c8638d5ad20,7fe0118e-12bd-4a34-91dc-b28bb2335fd4,KABUPATEN BENGKAYANG,1.06911,109.66393,false  
71ac4fa9-571f-4df6-9f56-56366aeeabd3,7fe0118e-12bd-4a34-91dc-b28bb2335fd4,KABUPATEN LANDAK,0.42373,109.75917,false  
3a3697df-7223-401b-b01e-6ce13613d853,7fe0118e-12bd-4a34-91dc-b28bb2335fd4,KABUPATEN MEMPAWAH,0.25,109.16667,false  
8ef3a529-c94a-4f17-97d7-8ba3fc7caf11,7fe0118e-12bd-4a34-91dc-b28bb2335fd4,KABUPATEN SANGGAU,0.25472,110.45,false  
71274855-496d-4e52-8358-0ee75a198c83,7fe0118e-12bd-4a34-91dc-b28bb2335fd4,KABUPATEN KETAPANG,-1.58333,110.5,false  
b6c69227-0a38-43b2-9eed-3c657a9a15a1,7fe0118e-12bd-4a34-91dc-b28bb2335fd4,KABUPATEN SINTANG,-0.08333,112.08333,false  
204ea961-e3fd-4c91-957c-6cdac2cb52d9,7fe0118e-12bd-4a34-91dc-b28bb2335fd4,KABUPATEN KAPUAS HULU,0.81667,112.76667,false  
cb1dae08-1392-4653-b0ec-dbf742da648a,7fe0118e-12bd-4a34-91dc-b28bb2335fd4,KABUPATEN SEKADAU,0.03485,110.95066,false  
d795bfaa-6c84-4235-a8c8-bb33c87b7a00,7fe0118e-12bd-4a34-91dc-b28bb2335fd4,KABUPATEN MELAWI,-0.33617,111.698,false  
39682acc-e33b-4fb8-8b28-eaabd52fc8d5,7fe0118e-12bd-4a34-91dc-b28bb2335fd4,KABUPATEN KAYONG UTARA,-1.43711,110.79781,false  
920431c4-da9f-46c5-841a-d71867decb69,7fe0118e-12bd-4a34-91dc-b28bb2335fd4,KABUPATEN KUBU RAYA,0.01637,109.33731,false  
f5610752-72aa-480b-82ea-52895a954790,7fe0118e-12bd-4a34-91dc-b28bb2335fd4,KOTA PONTIANAK,-0.08333,109.36667,false  
2d84eefb-4611-4239-a975-4f078035677f,7fe0118e-12bd-4a34-91dc-b28bb2335fd4,KOTA SINGKAWANG,0.90734,109.00103,false  
2174c173-9905-41ce-925e-d306965be7bc,b4443124-fd05-4ddd-b4b6-2924074a9d84,KABUPATEN KOTAWARINGIN BARAT,-2.4,111.73333,false  
5d7ce4a7-13ae-42ce-96fb-669c615726a7,b4443124-fd05-4ddd-b4b6-2924074a9d84,KABUPATEN KOTAWARINGIN TIMUR,-2.08333,112.75,false  
55784651-30d7-40b9-8d81-c1f6aea9b0c9,b4443124-fd05-4ddd-b4b6-2924074a9d84,KABUPATEN KAPUAS,-2.01667,114.38333,false  
cf751b5e-7201-4ade-aa10-b0d6d3ff607c,b4443124-fd05-4ddd-b4b6-2924074a9d84,KABUPATEN BARITO SELATAN,-1.86667,114.73333,false  
5f696dd9-7127-4b6f-897b-7a29ff286221,b4443124-fd05-4ddd-b4b6-2924074a9d84,KABUPATEN BARITO UTARA,-0.98333,115.1,false  
ce3314d3-ddeb-40af-87e1-ffdd855e768f,b4443124-fd05-4ddd-b4b6-2924074a9d84,KABUPATEN SUKAMARA,-2.62675,111.23681,false  
8a432c61-8f6c-46c8-91b4-fca5bd6ea325,b4443124-fd05-4ddd-b4b6-2924074a9d84,KABUPATEN LAMANDAU,-1.83828,111.2869,false  
9c8456e3-60b9-46b6-bac7-d9e568605474,b4443124-fd05-4ddd-b4b6-2924074a9d84,KABUPATEN SERUYAN,-2.33333,112.25,false  
39f9a19f-ae80-4ed3-a72a-eae9f3193996,b4443124-fd05-4ddd-b4b6-2924074a9d84,KABUPATEN KATINGAN,-2.06667,113.4,false  
d08d5d44-756c-4813-87fa-dcb3464b0d50,b4443124-fd05-4ddd-b4b6-2924074a9d84,KABUPATEN PULANG PISAU,-3.11858,113.8623,false  
db9c5ee9-b550-49ce-b858-e7c6b0bfa6a7,b4443124-fd05-4ddd-b4b6-2924074a9d84,KABUPATEN GUNUNG MAS,-0.95,113.5,false  
6022b50c-d07f-432c-bf88-7f8d5866c406,b4443124-fd05-4ddd-b4b6-2924074a9d84,KABUPATEN BARITO TIMUR,-1.93333,115.1,false  
b74f13b7-5784-4371-8325-cded6cd5567a,b4443124-fd05-4ddd-b4b6-2924074a9d84,KABUPATEN MURUNG RAYA,-0.01667,114.26667,false  
c196e7a1-d045-4541-b6c2-eb49cedcd47e,b4443124-fd05-4ddd-b4b6-2924074a9d84,KOTA PALANGKA RAYA,-1.76979,113.73126,false  
02294570-4ddd-4f58-9c45-399e9d21ef44,bea6fde0-10bb-4b6f-a988-61f415f3bac6,KABUPATEN TANAH LAUT,-3.88333,114.86667,false  
88b59e1c-0eb3-433e-a216-cca7c46a8990,bea6fde0-10bb-4b6f-a988-61f415f3bac6,KABUPATEN KOTA BARU,-3,116,false  
98dc914e-36f4-48af-af04-6d71d6383648,bea6fde0-10bb-4b6f-a988-61f415f3bac6,KABUPATEN BANJAR,-3.31667,115.08333,false  
9f04babf-e8ff-4732-966c-ce396af8eb22,bea6fde0-10bb-4b6f-a988-61f415f3bac6,KABUPATEN BARITO KUALA,-3.08333,114.61667,false  
a08d73f1-d807-4718-bc8f-3b84d3232bd1,bea6fde0-10bb-4b6f-a988-61f415f3bac6,KABUPATEN TAPIN,-2.91667,115.03333,false  
dfe6be5c-8715-48aa-afb7-a4fb26dde0f3,bea6fde0-10bb-4b6f-a988-61f415f3bac6,KABUPATEN HULU SUNGAI SELATAN,-2.75,115.2,false  
e4d12983-006c-44a5-9ef6-1d156088958d,bea6fde0-10bb-4b6f-a988-61f415f3bac6,KABUPATEN HULU SUNGAI TENGAH,-2.61667,115.41667,false  
8df8eb87-0ae6-4aaf-971c-843c45e6a6b5,bea6fde0-10bb-4b6f-a988-61f415f3bac6,KABUPATEN HULU SUNGAI UTARA,-2.45,115.13333,false  
9e4f7d1f-632c-48dd-9135-451bc32c7797,bea6fde0-10bb-4b6f-a988-61f415f3bac6,KABUPATEN TABALONG,-1.88333,115.5,false  
6b828027-c5f3-404a-ac00-1cc16449781c,bea6fde0-10bb-4b6f-a988-61f415f3bac6,KABUPATEN TANAH BUMBU,-3.45413,115.70372,false  
d9342d94-32ba-4b71-b943-888b19028e1b,bea6fde0-10bb-4b6f-a988-61f415f3bac6,KABUPATEN BALANGAN,-2.32314,115.62922,false  
75960c6f-9185-4996-9ae2-ee72d5c1dd56,bea6fde0-10bb-4b6f-a988-61f415f3bac6,KOTA BANJARMASIN,-3.32444,114.59102,false  
db4ff784-090f-4e27-91c9-f40cec6a89f2,bea6fde0-10bb-4b6f-a988-61f415f3bac6,KOTA BANJAR BARU,-3.41667,114.83333,false  
cd307b43-4e8c-4f3d-8760-2adcbfd98ad5,f10bf380-b73f-4eb0-9a97-7151b6e959a0,KABUPATEN PASER,-1.43517,116.23535,false  
9d028ec2-a555-4ac3-bbf3-ceaf6cbe8a4b,f10bf380-b73f-4eb0-9a97-7151b6e959a0,KABUPATEN KUTAI BARAT,-0.59417,115.51575,false  
f95b966d-09ab-4da5-a575-3e5e5e9277e2,f10bf380-b73f-4eb0-9a97-7151b6e959a0,KABUPATEN KUTAI KARTANEGARA,-0.44019,116.98139,false  
4976a0c4-a78c-41d1-8f08-4b0432e0d91e,f10bf380-b73f-4eb0-9a97-7151b6e959a0,KABUPATEN KUTAI TIMUR,1.03769,117.83112,false  
5b220220-bbb3-4304-9e44-d090fd428f00,f10bf380-b73f-4eb0-9a97-7151b6e959a0,KABUPATEN BERAU,2,117.3,false  
83648b79-8564-404f-b92b-6949355c40f0,f10bf380-b73f-4eb0-9a97-7151b6e959a0,KABUPATEN PENAJAM PASER UTARA,-1.25,116.83333,false  
91ddf759-917c-473c-be79-5893ff532771,f10bf380-b73f-4eb0-9a97-7151b6e959a0,KABUPATEN MAHAKAM HULU,0.37822,115.38048,false  
dca40c52-13af-4d96-b52a-fef548d37409,f10bf380-b73f-4eb0-9a97-7151b6e959a0,KOTA BALIKPAPAN,-1.16667,116.88333,false  
e9f2f6fb-c67a-4747-ab78-01f0d5cef296,f10bf380-b73f-4eb0-9a97-7151b6e959a0,KOTA SAMARINDA,-0.43333,117.18333,false  
058a11af-adc6-444d-9b01-a0876590cb7c,f10bf380-b73f-4eb0-9a97-7151b6e959a0,KOTA BONTANG,0.12526,117.49603,false  
a8d533f7-7538-4732-a65d-5f60be222d51,74deb7fc-497f-47b8-95f1-3c4038b643f4,KABUPATEN MALINAU,2.45,115.68333,false  
ac4304e3-706c-4a50-b9d5-54ad2a3897c7,74deb7fc-497f-47b8-95f1-3c4038b643f4,KABUPATEN BULUNGAN,3,117.16667,false  
38026d88-12f3-427e-afa0-cbcdd286ad22,74deb7fc-497f-47b8-95f1-3c4038b643f4,KABUPATEN TANA TIDUNG,3.55,117.25,false  
2931464b-8683-4f45-a83f-65046dff2178,74deb7fc-497f-47b8-95f1-3c4038b643f4,KABUPATEN NUNUKAN,4.13333,116.7,false  
f8ce4675-a8ab-4c31-ab6e-4b87c9898761,74deb7fc-497f-47b8-95f1-3c4038b643f4,KOTA TARAKAN,3.36667,117.6,false  
8d3eba36-c414-43ac-9c7a-1fef72e5b118,a2a47b5d-624b-4d43-9c12-ce0f21ea9662,KABUPATEN BOLAANG MONGONDOW,0.75,124.08333,false  
9a5a0774-48ec-4c81-a796-78deaab3ea0d,a2a47b5d-624b-4d43-9c12-ce0f21ea9662,KABUPATEN MINAHASA,1.2537,124.83,false  
07f853ac-358b-49e8-81dc-e3d2947ee34c,a2a47b5d-624b-4d43-9c12-ce0f21ea9662,KABUPATEN KEPULAUAN SANGIHE,3.5,125.55,false  
4ebfd597-ee25-4a6f-b5a5-821021405469,a2a47b5d-624b-4d43-9c12-ce0f21ea9662,KABUPATEN KEPULAUAN TALAUD,4.31178,126.78085,false  
cb4fd36c-633d-4bb5-861c-516d7ccd3cef,a2a47b5d-624b-4d43-9c12-ce0f21ea9662,KABUPATEN MINAHASA SELATAN,1.21291,124.59708,false  
ea4fc85a-a685-4e1f-93d7-697805413baf,a2a47b5d-624b-4d43-9c12-ce0f21ea9662,KABUPATEN MINAHASA UTARA,1.4025,124.96,false  
e000796c-cc28-4630-bb2f-c0ef1c1859d1,a2a47b5d-624b-4d43-9c12-ce0f21ea9662,KABUPATEN BOLAANG MONGONDOW UTARA,0.78527,123.41766,false  
bfd395cb-fd36-4dd3-883b-899452fba65e,a2a47b5d-624b-4d43-9c12-ce0f21ea9662,KABUPATEN SIAU TAGULANDANG BIARO,2.11728,125.37512,false  
5892ebdc-527c-405c-adac-648d54f9b871,a2a47b5d-624b-4d43-9c12-ce0f21ea9662,KABUPATEN MINAHASA TENGGARA,1.05633,124.7925,false  
bfbb99df-de1d-4885-ab9f-d3aa4976c366,a2a47b5d-624b-4d43-9c12-ce0f21ea9662,KABUPATEN BOLAANG MONGONDOW SELATAN,0.40912,123.75961,false  
d68aff91-5aa7-4d41-ae7c-74b0ebb71fb7,a2a47b5d-624b-4d43-9c12-ce0f21ea9662,KABUPATEN BOLAANG MONGONDOW TIMUR,0.72073,124.50256,false  
90f44c28-a19a-44ed-bfa1-59fd0569b4ac,a2a47b5d-624b-4d43-9c12-ce0f21ea9662,KOTA MANADO,1.51667,124.88333,false  
69ab3514-ff56-44f3-afc1-ffef7e1e01f5,a2a47b5d-624b-4d43-9c12-ce0f21ea9662,KOTA BITUNG,1.48333,125.15,false  
97fabc41-9ffc-4794-8f7a-1a49124492ec,a2a47b5d-624b-4d43-9c12-ce0f21ea9662,KOTA TOMOHON,1.31307,124.83404,false  
eef2e447-fe40-4a35-88e5-1048a93604de,a2a47b5d-624b-4d43-9c12-ce0f21ea9662,KOTA KOTAMOBAGU,0.68915,124.32678,false  
650f65d0-2324-412b-9db0-c98a03f65d24,7211825d-5fad-4474-8db5-2b746fe14180,KABUPATEN BANGGAI KEPULAUAN,-1.6424,123.54881,false  
6c0d9669-5325-4c4e-ab35-81ec852e796c,7211825d-5fad-4474-8db5-2b746fe14180,KABUPATEN BANGGAI,-1.2835,122.8892,false  
a6c22629-fd72-40a3-bec5-b78ee1975d16,7211825d-5fad-4474-8db5-2b746fe14180,KABUPATEN MOROWALI,-1.89342,121.25473,false  
293edb0e-cb2d-42e8-b5b9-7e6a722318a5,7211825d-5fad-4474-8db5-2b746fe14180,KABUPATEN POSO,-1.65,120.5,false  
e079b834-d6ad-4dcc-a62a-cc263743ada7,7211825d-5fad-4474-8db5-2b746fe14180,KABUPATEN DONGGALA,-0.58333,119.85,false  
8df766b1-608f-419f-80eb-78b2f93cf8cd,7211825d-5fad-4474-8db5-2b746fe14180,KABUPATEN TOLI-TOLI,1.30862,120.88643,false  
0e26ea56-a455-4d36-a2dc-dae05b732cb5,7211825d-5fad-4474-8db5-2b746fe14180,KABUPATEN BUOL,0.75,120.75,false  
e1490bbc-01e9-4561-9744-e0a40f548236,7211825d-5fad-4474-8db5-2b746fe14180,KABUPATEN PARIGI MOUTONG,0.3368,120.17841,false  
dab7b7c2-269d-4c9d-8f38-8a71c0465e0c,7211825d-5fad-4474-8db5-2b746fe14180,KABUPATEN TOJO UNA-UNA,-1.2036,121.48201,false  
dfc10ac8-a731-45a4-a9b1-0993a987c7f1,7211825d-5fad-4474-8db5-2b746fe14180,KABUPATEN SIGI,-1.385,119.96694,false  
66799641-c73d-44fa-8744-6cbe86563417,7211825d-5fad-4474-8db5-2b746fe14180,KABUPATEN BANGGAI LAUT,-1.61841,123.49388,false  
5ed87053-75af-446a-a710-47b64d3efb5f,7211825d-5fad-4474-8db5-2b746fe14180,KABUPATEN MOROWALI UTARA,-1.7207,121.24649,false  
345138e0-4b80-46b9-a68e-dd5625f0d681,7211825d-5fad-4474-8db5-2b746fe14180,KOTA PALU,-0.86972,119.9,false  
c413f6f0-f280-4511-89ae-fc5bc873c688,6a4431e2-aceb-4c65-961b-6fb8f1f6af56,KABUPATEN KEPULAUAN SELAYAR,-6.81667,120.8,false  
4564e9f7-14b9-4019-928b-4c7315cae16b,6a4431e2-aceb-4c65-961b-6fb8f1f6af56,KABUPATEN BULUKUMBA,-5.41667,120.23333,false  
b2061ca8-b8c8-49be-a409-ab2ac0f2e4c7,6a4431e2-aceb-4c65-961b-6fb8f1f6af56,KABUPATEN BANTAENG,-5.48333,119.98333,false  
15d2f680-4325-44fd-b3fc-6663d831ca05,6a4431e2-aceb-4c65-961b-6fb8f1f6af56,KABUPATEN JENEPONTO,-5.63333,119.73333,false  
790c11d5-65af-45a0-a466-40f7acfb6f8d,6a4431e2-aceb-4c65-961b-6fb8f1f6af56,KABUPATEN TAKALAR,-5.41667,119.51667,false  
d6ad40b2-149b-49b7-8499-67f442c34016,6a4431e2-aceb-4c65-961b-6fb8f1f6af56,KABUPATEN GOWA,-5.31667,119.75,false  
57eb5569-ba0e-4a67-bbfc-0badd6fc9268,6a4431e2-aceb-4c65-961b-6fb8f1f6af56,KABUPATEN SINJAI,-5.21667,120.15,false  
87c23680-185c-440f-80c1-99d59d20eacf,6a4431e2-aceb-4c65-961b-6fb8f1f6af56,KABUPATEN MAROS,-5.05,119.71667,false  
919e261b-f84e-482f-a4b3-f998db58a986,6a4431e2-aceb-4c65-961b-6fb8f1f6af56,KABUPATEN PANGKAJENE DAN KEPULAUAN,-4.7827,119.5506,false  
53f25c37-09a2-4cfd-98cb-4e782e0a6f25,6a4431e2-aceb-4c65-961b-6fb8f1f6af56,KABUPATEN BARRU,-4.43333,119.68333,false  
2656699e-37cf-4ca0-81be-32b7630eee45,6a4431e2-aceb-4c65-961b-6fb8f1f6af56,KABUPATEN BONE,-4.7,120.13333,false  
32076b9d-d74f-4db3-b680-be10fa87d66e,6a4431e2-aceb-4c65-961b-6fb8f1f6af56,KABUPATEN SOPPENG,-4.3842,119.89,false  
39177546-7a41-401f-8507-c3325c70c2a2,6a4431e2-aceb-4c65-961b-6fb8f1f6af56,KABUPATEN WAJO,-4,120.16667,false  
cbcb8a44-22b6-4b25-b98b-7199a3e6660b,6a4431e2-aceb-4c65-961b-6fb8f1f6af56,KABUPATEN SIDENRENG RAPPANG,-3.85,119.96667,false  
3e726f28-fb94-449e-87aa-c17264724769,6a4431e2-aceb-4c65-961b-6fb8f1f6af56,KABUPATEN PINRANG,-3.61667,119.6,false  
483821b3-227f-4520-8ec0-8ac961031e7a,6a4431e2-aceb-4c65-961b-6fb8f1f6af56,KABUPATEN ENREKANG,-3.5,119.86667,false  
bf45811c-b363-4c2f-9901-f3f6cfdc451b,6a4431e2-aceb-4c65-961b-6fb8f1f6af56,KABUPATEN LUWU,-2.5577,121.3242,false  
3dea8d82-cbf6-41bb-bd59-f62fb7830093,6a4431e2-aceb-4c65-961b-6fb8f1f6af56,KABUPATEN TANA TORAJA,-3.0024,119.79655,false  
c2d78ef0-b284-4241-97e5-af897270a2cd,6a4431e2-aceb-4c65-961b-6fb8f1f6af56,KABUPATEN LUWU UTARA,-2.6,120.25,false  
c1d2d4f3-f4da-4a59-b720-6853a670fd0a,6a4431e2-aceb-4c65-961b-6fb8f1f6af56,KABUPATEN LUWU TIMUR,-2.50957,120.3978,false  
bcf3935b-007c-4177-ba9c-9fc1a60c6ab6,6a4431e2-aceb-4c65-961b-6fb8f1f6af56,KABUPATEN TORAJA UTARA,-2.92738,119.79218,false  
6f9d9deb-b94e-4f72-8275-8d963755cbdb,6a4431e2-aceb-4c65-961b-6fb8f1f6af56,KOTA MAKASSAR,-5.15,119.45,false  
8f371c71-9c6b-4dd2-9617-9155048a47a8,6a4431e2-aceb-4c65-961b-6fb8f1f6af56,KOTA PARE-PARE,-4.03333,119.65,false  
6d35ac5e-5c4f-49d1-bd69-b9cb400d6169,6a4431e2-aceb-4c65-961b-6fb8f1f6af56,KOTA PALOPO,-2.97841,120.11078,false  
d3b8bbdd-7d76-4377-a46d-968b5f00e2b1,755e752a-1d9a-4c2d-bf6e-7e9ddf4d9f23,KABUPATEN BUTON,-5.31667,122.58333,false  
15fd75d0-a1f5-42a2-a752-f1e12e63f765,755e752a-1d9a-4c2d-bf6e-7e9ddf4d9f23,KABUPATEN MUNA,-4.96667,122.66667,false  
e2805f2a-13ea-4711-95dc-63e4589ecaaa,755e752a-1d9a-4c2d-bf6e-7e9ddf4d9f23,KABUPATEN KONAWE,-3.91717,122.08823,false  
e5fccc2e-9049-478d-b886-ac1cd3d8cc03,755e752a-1d9a-4c2d-bf6e-7e9ddf4d9f23,KABUPATEN KOLAKA,-4.08333,121.66667,false  
76ceb2f3-e16e-441e-9194-79f28055532b,755e752a-1d9a-4c2d-bf6e-7e9ddf4d9f23,KABUPATEN KONAWE SELATAN,-4.19191,122.44854,false  
3f4f8add-09ef-4aad-907f-51248bfdb156,755e752a-1d9a-4c2d-bf6e-7e9ddf4d9f23,KABUPATEN BOMBANA,-4.6257,121.81641,false  
7e92bfb5-bcc3-48cc-aeb3-1b32d497ce3d,755e752a-1d9a-4c2d-bf6e-7e9ddf4d9f23,KABUPATEN WAKATOBI,-5.31934,123.5948,false  
2ac3a13b-de48-4dab-840b-f7ce1ba9f810,755e752a-1d9a-4c2d-bf6e-7e9ddf4d9f23,KABUPATEN KOLAKA UTARA,-3.10452,121.12427,false  
8216e30b-eac0-4024-b240-4a6699cb128a,755e752a-1d9a-4c2d-bf6e-7e9ddf4d9f23,KABUPATEN BUTON UTARA,-5.01457,122.93015,false  
a58ae12f-20d2-4fa2-9866-307b61514bcf,755e752a-1d9a-4c2d-bf6e-7e9ddf4d9f23,KABUPATEN KONAWE UTARA,-3.41552,121.99081,false  
c7f658d2-962e-4cd9-b245-dad32220a3b5,755e752a-1d9a-4c2d-bf6e-7e9ddf4d9f23,KABUPATEN KOLAKA TIMUR,-4.01807,121.86172,false  
8524b1ee-c3b2-4ac7-8beb-ee8932cf830f,755e752a-1d9a-4c2d-bf6e-7e9ddf4d9f23,KABUPATEN KONAWE KEPULAUAN,-4.11656,123.10181,false  
f7446714-f59d-4900-aa47-0e8fb20ba0cd,755e752a-1d9a-4c2d-bf6e-7e9ddf4d9f23,KABUPATEN MUNA BARAT,-4.83333,122.48333,false  
988e44ac-4dec-47c5-86c6-570ee1355db0,755e752a-1d9a-4c2d-bf6e-7e9ddf4d9f23,KABUPATEN BUTON TENGAH,-5.31667,122.33333,false  
309f4271-eea3-4f96-8549-73936f7d288f,755e752a-1d9a-4c2d-bf6e-7e9ddf4d9f23,KABUPATEN BUTON SELATAN,-5.56667,122.7,false  
df7829f8-c98f-4e38-b1d3-59607c001790,755e752a-1d9a-4c2d-bf6e-7e9ddf4d9f23,KOTA KENDARI,-3.98333,122.5,false  
4e8c405c-bb25-4ca6-8e4d-80f655d5c9a7,755e752a-1d9a-4c2d-bf6e-7e9ddf4d9f23,KOTA BAUBAU,-5.477,122.6166,false  
67c5b513-9532-457c-b529-1b720aa400f7,231bab1a-74de-4b10-a9fc-8a99cb97abf0,KABUPATEN BOALEMO,0.62689,122.3568,false  
3ab4939e-68ca-470c-8d01-802cc8f0462e,231bab1a-74de-4b10-a9fc-8a99cb97abf0,KABUPATEN GORONTALO,0.5728,122.2337,false  
854f88b7-c5fd-47e1-a250-6b22d765b4ce,231bab1a-74de-4b10-a9fc-8a99cb97abf0,KABUPATEN POHUWATO,0.7098,121.59582,false  
c3137a39-f48e-4883-b464-a201f7419699,231bab1a-74de-4b10-a9fc-8a99cb97abf0,KABUPATEN BONE BOLANGO,0.50296,123.27501,false  
68d1cd5b-bcbe-49b3-b29a-405901c73ef1,231bab1a-74de-4b10-a9fc-8a99cb97abf0,KABUPATEN GORONTALO UTARA,0.77,122.31667,false  
44a6823c-a11c-4cee-8aed-e5236de1306d,231bab1a-74de-4b10-a9fc-8a99cb97abf0,KOTA GORONTALO,0.53333,123.1,false  
0d542d92-14d0-4eb8-ac7e-86767673a3f0,b2a745c6-6141-4fc3-9d6d-ac5b42e4dc58,KABUPATEN MAJENE,-3.15,118.86667,false  
2de6ca97-0d33-4f9c-ab00-cd5ce249a9fc,b2a745c6-6141-4fc3-9d6d-ac5b42e4dc58,KABUPATEN POLEWALI MANDAR,-3.3,119.16667,false  
ef4b9f40-9835-4e47-948a-67cff960d258,b2a745c6-6141-4fc3-9d6d-ac5b42e4dc58,KABUPATEN MAMASA,-2.96492,119.30631,false  
472f93b4-f69b-4738-82eb-ec1631ff2b55,b2a745c6-6141-4fc3-9d6d-ac5b42e4dc58,KABUPATEN MAMUJU,-2.5,119.41667,false  
d1ea75e2-c6b5-4ada-b862-a1b6bc416d94,b2a745c6-6141-4fc3-9d6d-ac5b42e4dc58,KABUPATEN MAMUJU UTARA,-1.51639,119.42139,false  
5f0ae936-7f6d-45e7-a27a-c50fed20d438,b2a745c6-6141-4fc3-9d6d-ac5b42e4dc58,KABUPATEN MAMUJU TENGAH,-2.8212,119.2662,false  
7be2895b-7bc9-4e3f-98f6-8b4c4fac28dd,122d1d05-dd78-48c1-b2e0-c75de184687a,KABUPATEN MALUKU TENGGARA BARAT,-7.61186,131.38,false  
9713e583-a7d4-4a6a-b8e7-efb409630789,122d1d05-dd78-48c1-b2e0-c75de184687a,KABUPATEN MALUKU TENGGARA,-5.75,132.73334,false  
0f8e86d7-de69-4eb2-975f-c7abb74d5de5,122d1d05-dd78-48c1-b2e0-c75de184687a,KABUPATEN MALUKU TENGAH,-3.29167,128.9675,false  
a1d318ba-2dfe-4bdd-b236-a00e550794d3,122d1d05-dd78-48c1-b2e0-c75de184687a,KABUPATEN BURU,-3.32767,126.68413,false  
f4d29a4d-283f-4d0d-85bb-274c3f77f5b0,122d1d05-dd78-48c1-b2e0-c75de184687a,KABUPATEN KEPULAUAN ARU,-6.17059,134.46991,false  
7531a5d9-0751-4be9-a25a-02930b08a86a,122d1d05-dd78-48c1-b2e0-c75de184687a,KABUPATEN SERAM BAGIAN BARAT,-3.1027,128.42996,false  
beb8db4d-2ca8-4b57-821b-a28f63321102,122d1d05-dd78-48c1-b2e0-c75de184687a,KABUPATEN SERAM BAGIAN TIMUR,-3.39851,130.39166,false  
2b70c5a3-0fbb-4198-b92d-e2f3daccf6d4,122d1d05-dd78-48c1-b2e0-c75de184687a,KABUPATEN MALUKU BARAT DAYA,-7.8296,126.17386,false  
5e9133fd-abb9-47e8-99f8-81e34214b528,122d1d05-dd78-48c1-b2e0-c75de184687a,KABUPATEN BURU SELATAN,-3.52187,126.59271,false  
cddc5771-b395-47e8-a03a-40f4500eb8ec,122d1d05-dd78-48c1-b2e0-c75de184687a,KOTA AMBON,-3.7,128.18333,false  
20521c17-652e-4e7b-b111-171718961eb1,122d1d05-dd78-48c1-b2e0-c75de184687a,KOTA TUAL,-5.64301,132.74934,false  
a182c6b9-ad10-4b1f-8859-cff9f97593f8,889f28d5-f9f1-4807-836f-6d64d6ae4b60,KABUPATEN HALMAHERA BARAT,1.41709,127.55264,false  
48f09eb0-2f2c-490e-92e7-cbf180e05bd6,889f28d5-f9f1-4807-836f-6d64d6ae4b60,KABUPATEN HALMAHERA TENGAH,0.48056,128.25,false  
84aebc20-d525-4bd5-9b78-76785bd38c0d,889f28d5-f9f1-4807-836f-6d64d6ae4b60,KABUPATEN KEPULAUAN SULA,-1.8646,125.69046,false  
746f5651-f2ad-4de9-bc94-cbd076609256,889f28d5-f9f1-4807-836f-6d64d6ae4b60,KABUPATEN HALMAHERA SELATAN,-0.3955,127.90833,false  
e15f1fd2-b6cd-427e-b8cf-30904afafb5f,889f28d5-f9f1-4807-836f-6d64d6ae4b60,KABUPATEN HALMAHERA UTARA,1.73194,128.00778,false  
6fc6b30d-247d-4ca7-9035-ff51e906af35,889f28d5-f9f1-4807-836f-6d64d6ae4b60,KABUPATEN HALMAHERA TIMUR,1.33517,128.48627,false  
b3bb44e5-10dd-4d2b-96fa-885abec42dd6,889f28d5-f9f1-4807-836f-6d64d6ae4b60,KABUPATEN PULAU MOROTAI,2.19924,128.40546,false  
f035005b-62ac-44aa-b9df-c6bcd4110bc5,889f28d5-f9f1-4807-836f-6d64d6ae4b60,KABUPATEN PULAU TALIABU,-1.84578,124.78992,false  
97ca49f3-441b-46f7-9d6d-15526b60f219,889f28d5-f9f1-4807-836f-6d64d6ae4b60,KOTA TERNATE,0.89618,127.31016,false  
35c70c07-5e82-444a-9c90-96a49ae426f3,889f28d5-f9f1-4807-836f-6d64d6ae4b60,KOTA TIDORE KEPULAUAN,0.60962,127.56981,false  
1bae1aa8-7b4e-47b9-bc49-47ea39ae19b4,59675f1d-62b7-434b-bf6c-6439f265f9c2,KABUPATEN FAK-FAK,-2.92641,132.29608,false  
38b2814d-6fdb-4681-ae82-210a93a5fea5,59675f1d-62b7-434b-bf6c-6439f265f9c2,KABUPATEN KAIMANA,-3.66093,133.77451,false  
db92a2b1-980b-47d0-adfc-1ac732517f2c,59675f1d-62b7-434b-bf6c-6439f265f9c2,KABUPATEN TELUK WONDAMA,-2.7,134.5,false  
e6ad23ed-74a6-47aa-be4a-4e81d25f1b3c,59675f1d-62b7-434b-bf6c-6439f265f9c2,KABUPATEN TELUK BINTUNI,-1.88037,133.33105,false  
cdca1d41-434f-4b0a-a9b5-a8c49a6f1c3d,59675f1d-62b7-434b-bf6c-6439f265f9c2,KABUPATEN MANOKWARI,-0.9,133.75,false  
89156c4b-e955-4639-9ead-edec45766b89,59675f1d-62b7-434b-bf6c-6439f265f9c2,KABUPATEN SORONG SELATAN,-1.50495,132.28638,false  
c7e1c118-569b-4a65-b029-041d4ccdcb39,59675f1d-62b7-434b-bf6c-6439f265f9c2,KABUPATEN SORONG,-1.16667,131.5,false  
f61251db-97dc-41e1-9848-e634d49b9e2e,59675f1d-62b7-434b-bf6c-6439f265f9c2,KABUPATEN RAJA AMPAT,-0.5,130,false  
951495da-3cc0-46ce-96bf-e1e274fa4d67,59675f1d-62b7-434b-bf6c-6439f265f9c2,KABUPATEN TAMBRAUW,-0.60515,132.48962,false  
2ac180ec-6d07-4c30-8fb5-17e0efdb6462,59675f1d-62b7-434b-bf6c-6439f265f9c2,KABUPATEN MAYBRAT,-1.2155,132.35092,false  
87453749-0c20-4048-a75c-1db055ecacb4,59675f1d-62b7-434b-bf6c-6439f265f9c2,KABUPATEN MANOKWARI SELATAN,-1.0798,133.96729,false  
b3b3e6f2-8c56-4113-9000-397ea8ba5213,59675f1d-62b7-434b-bf6c-6439f265f9c2,KABUPATEN PEGUNUNGAN ARFAK,-0.93523,133.89587,false  
706a85cc-3059-4629-af1a-39f8762f1110,59675f1d-62b7-434b-bf6c-6439f265f9c2,KOTA SORONG,-0.86507,131.25153,false  
8134c55e-31c3-4caf-b200-42750ef4451b,fb2df3e5-544e-42f6-bd42-2ce083d21994,KABUPATEN MERAUKE,-7.66667,139.66667,false  
1cee0991-87f7-468a-9087-57caa05e25bc,fb2df3e5-544e-42f6-bd42-2ce083d21994,KABUPATEN JAYAWIJAYA,-4.08333,139.08333,false  
7f177f87-4757-4e9e-ade2-5a6acd332bde,fb2df3e5-544e-42f6-bd42-2ce083d21994,KABUPATEN JAYAPURA,-3,139.95,false  
3d9187a6-2b91-4fdd-a75b-83f6c384a0f2,fb2df3e5-544e-42f6-bd42-2ce083d21994,KABUPATEN NABIRE,-3.54016,135.55511,false  
f8dbe0b3-2662-4585-b79e-eed0c3186efd,fb2df3e5-544e-42f6-bd42-2ce083d21994,KABUPATEN KEPULAUAN YAPEN,-1.78773,136.27716,false  
ccc151fd-39cb-48c6-b20d-6e229de1e732,fb2df3e5-544e-42f6-bd42-2ce083d21994,KABUPATEN BIAK NUMFOR,-1.03333,136,false  
6be9484d-1992-43d3-b719-e396f49ba42e,fb2df3e5-544e-42f6-bd42-2ce083d21994,KABUPATEN PANIAI,-3.9,136.60001,false  
3ad09f84-810e-46e5-a9df-b428c2c24b67,fb2df3e5-544e-42f6-bd42-2ce083d21994,KABUPATEN PUNCAK JAYA,-3.67241,137.43896,false  
9df9c47f-8008-4d70-925e-32e9a13835fa,fb2df3e5-544e-42f6-bd42-2ce083d21994,KABUPATEN MIMIKA,-4.54357,136.56555,false  
455f63ae-1d95-4fb9-8217-817e8d87873b,fb2df3e5-544e-42f6-bd42-2ce083d21994,KABUPATEN BOVEN DIGOEL,-5.70519,140.36349,false  
9f945df0-3140-4839-b7da-586f4a85564a,fb2df3e5-544e-42f6-bd42-2ce083d21994,KABUPATEN MAPPI,-6.49971,139.34441,false  
72275278-d9b0-4fda-8ad1-7a82482194fa,fb2df3e5-544e-42f6-bd42-2ce083d21994,KABUPATEN ASMAT,-5.3795,138.46344,false  
22b1de58-02a4-4345-8f05-8215bab1407d,fb2df3e5-544e-42f6-bd42-2ce083d21994,KABUPATEN YAHUKIMO,-4.60403,139.58405,false  
a2c3c88a-13a6-4d4b-b107-cff24e657083,fb2df3e5-544e-42f6-bd42-2ce083d21994,KABUPATEN PEGUNUNGAN BINTANG,-4.52167,140.29541,false  
0547d058-406f-4f8b-85c8-b54ebf878f00,fb2df3e5-544e-42f6-bd42-2ce083d21994,KABUPATEN TOLIKARA,-3.42661,137.41699,false  
f49c1e43-1f36-488c-be41-98cde53ec33a,fb2df3e5-544e-42f6-bd42-2ce083d21994,KABUPATEN SARMI,-2.41667,139.08333,false  
6a388138-c5e3-49e2-afa9-cdd1739d99f4,fb2df3e5-544e-42f6-bd42-2ce083d21994,KABUPATEN KEEROM,-3.3,140.61667,false  
63403c54-36d2-4657-a546-b94085e60dac,fb2df3e5-544e-42f6-bd42-2ce083d21994,KABUPATEN WAROPEN,-2.286,137.01837,false  
6302031f-2325-45c6-ac4d-f2e0e60fcc8d,fb2df3e5-544e-42f6-bd42-2ce083d21994,KABUPATEN SUPIORI,-0.73881,135.61111,false  
6c73f2dd-7333-497d-9a16-1c9405074088,fb2df3e5-544e-42f6-bd42-2ce083d21994,KABUPATEN MAMBERAMO RAYA,-2.23561,137.78229,false  
91c1a697-1b65-48ae-b01b-cf14def66eb1,fb2df3e5-544e-42f6-bd42-2ce083d21994,KABUPATEN NDUGA,-4.45093,138.10089,false  
a12d4be7-33a5-4811-b0ab-a639b3f444ae,fb2df3e5-544e-42f6-bd42-2ce083d21994,KABUPATEN LANNY JAYA,-3.91244,138.28766,false  
0d858c81-9f37-44ef-8712-8b60bcebd16c,fb2df3e5-544e-42f6-bd42-2ce083d21994,KABUPATEN MAMBERAMO TENGAH,-2.46064,138.45245,false  
8d48316f-c96e-4e3d-8132-43cfd9c4c96b,fb2df3e5-544e-42f6-bd42-2ce083d21994,KABUPATEN YALIMO,-3.86037,138.47305,false  
5c59dbb6-fc23-45cf-a2fd-37328c47df6e,fb2df3e5-544e-42f6-bd42-2ce083d21994,KABUPATEN PUNCAK,-4.14204,137.09702,false  
726d2180-dd7f-4701-978f-419a1158f9b9,fb2df3e5-544e-42f6-bd42-2ce083d21994,KABUPATEN DOGIYAI,-4.03186,135.43945,false  
6464063f-e9de-4dcc-b8e2-97859224f237,fb2df3e5-544e-42f6-bd42-2ce083d21994,KABUPATEN INTAN JAYA,-3.41016,136.70837,false  
fc54c828-6bf2-434b-a421-6796c2577d9c,fb2df3e5-544e-42f6-bd42-2ce083d21994,KABUPATEN DEIYAI,-3.94737,135.95032,false  
2aa26994-3273-47d4-916a-adf2fef958c6,fb2df3e5-544e-42f6-bd42-2ce083d21994,KOTA JAYAPURA,-2.64647,140.77779,false
